date,product_id,product_name,category,sales_quantity,price,stock_quantity,promo,holiday,supplier_delay_days
2024-01-01,1,Кава мелена 250 г,Бакалія,64,145.0,665,0,1,0
2024-01-02,1,Кава мелена 250 г,Бакалія,44,145.0,621,0,0,0
2024-01-03,1,Кава мелена 250 г,Бакалія,39,145.0,582,0,0,1
2024-01-04,1,Кава мелена 250 г,Бакалія,47,145.0,535,0,0,0
2024-01-05,1,Кава мелена 250 г,Бакалія,44,145.0,491,0,0,0
2024-01-06,1,Кава мелена 250 г,Бакалія,56,145.0,435,0,0,0
2024-01-07,1,Кава мелена 250 г,Бакалія,70,130.5,365,1,0,0
2024-01-08,1,Кава мелена 250 г,Бакалія,43,145.0,671,0,0,0
2024-01-09,1,Кава мелена 250 г,Бакалія,45,145.0,626,0,0,0
2024-01-10,1,Кава мелена 250 г,Бакалія,45,145.0,581,0,0,1
2024-01-11,1,Кава мелена 250 г,Бакалія,65,130.5,516,1,0,0
2024-01-12,1,Кава мелена 250 г,Бакалія,73,130.5,443,1,0,0
2024-01-13,1,Кава мелена 250 г,Бакалія,54,145.0,389,0,0,0
2024-01-14,1,Кава мелена 250 г,Бакалія,49,145.0,340,0,0,0
2024-01-15,1,Кава мелена 250 г,Бакалія,50,145.0,562,0,0,0
2024-01-16,1,Кава мелена 250 г,Бакалія,53,145.0,509,0,0,0
2024-01-17,1,Кава мелена 250 г,Бакалія,50,145.0,459,0,0,0
2024-01-18,1,Кава мелена 250 г,Бакалія,51,145.0,408,0,0,0
2024-01-19,1,Кава мелена 250 г,Бакалія,53,145.0,355,0,0,0
2024-01-20,1,Кава мелена 250 г,Бакалія,60,145.0,295,0,0,0
2024-01-21,1,Кава мелена 250 г,Бакалія,62,145.0,233,0,0,0
2024-01-22,1,Кава мелена 250 г,Бакалія,43,145.0,456,0,0,3
2024-01-23,1,Кава мелена 250 г,Бакалія,48,145.0,408,0,0,0
2024-01-24,1,Кава мелена 250 г,Бакалія,51,130.5,357,1,0,1
2024-01-25,1,Кава мелена 250 г,Бакалія,41,145.0,316,0,0,0
2024-01-26,1,Кава мелена 250 г,Бакалія,52,145.0,264,0,0,0
2024-01-27,1,Кава мелена 250 г,Бакалія,53,145.0,211,0,0,0
2024-01-28,1,Кава мелена 250 г,Бакалія,52,145.0,159,0,0,0
2024-01-29,1,Кава мелена 250 г,Бакалія,47,145.0,383,0,0,1
2024-01-30,1,Кава мелена 250 г,Бакалія,53,145.0,330,0,0,0
2024-01-31,1,Кава мелена 250 г,Бакалія,49,145.0,281,0,0,0
2024-02-01,1,Кава мелена 250 г,Бакалія,55,130.5,226,1,0,0
2024-02-02,1,Кава мелена 250 г,Бакалія,55,130.5,171,1,0,0
2024-02-03,1,Кава мелена 250 г,Бакалія,49,145.0,122,0,0,0
2024-02-04,1,Кава мелена 250 г,Бакалія,45,145.0,77,0,0,0
2024-02-05,1,Кава мелена 250 г,Бакалія,47,145.0,280,0,0,0
2024-02-06,1,Кава мелена 250 г,Бакалія,40,145.0,240,0,0,0
2024-02-07,1,Кава мелена 250 г,Бакалія,43,145.0,197,0,0,0
2024-02-08,1,Кава мелена 250 г,Бакалія,33,145.0,164,0,0,0
2024-02-09,1,Кава мелена 250 г,Бакалія,36,145.0,128,0,0,0
2024-02-10,1,Кава мелена 250 г,Бакалія,47,145.0,81,0,0,0
2024-02-11,1,Кава мелена 250 г,Бакалія,42,145.0,39,0,0,0
2024-02-12,1,Кава мелена 250 г,Бакалія,29,145.0,280,0,0,0
2024-02-13,1,Кава мелена 250 г,Бакалія,41,145.0,239,0,0,0
2024-02-14,1,Кава мелена 250 г,Бакалія,36,145.0,203,0,0,0
2024-02-15,1,Кава мелена 250 г,Бакалія,36,145.0,167,0,0,0
2024-02-16,1,Кава мелена 250 г,Бакалія,42,145.0,125,0,0,0
2024-02-17,1,Кава мелена 250 г,Бакалія,41,145.0,84,0,0,0
2024-02-18,1,Кава мелена 250 г,Бакалія,48,145.0,36,0,0,0
2024-02-19,1,Кава мелена 250 г,Бакалія,42,145.0,233,0,0,0
2024-02-20,1,Кава мелена 250 г,Бакалія,36,145.0,197,0,0,0
2024-02-21,1,Кава мелена 250 г,Бакалія,59,130.5,138,1,0,0
2024-02-22,1,Кава мелена 250 г,Бакалія,41,145.0,97,0,0,0
2024-02-23,1,Кава мелена 250 г,Бакалія,46,145.0,51,0,0,0
2024-02-24,1,Кава мелена 250 г,Бакалія,49,145.0,2,0,0,0
2024-02-25,1,Кава мелена 250 г,Бакалія,2,145.0,0,0,0,0
2024-02-26,1,Кава мелена 250 г,Бакалія,45,145.0,271,0,0,1
2024-02-27,1,Кава мелена 250 г,Бакалія,47,145.0,224,0,0,0
2024-02-28,1,Кава мелена 250 г,Бакалія,57,130.5,167,1,0,0
2024-02-29,1,Кава мелена 250 г,Бакалія,52,145.0,115,0,0,0
2024-03-01,1,Кава мелена 250 г,Бакалія,42,145.0,73,0,0,0
2024-03-02,1,Кава мелена 250 г,Бакалія,50,145.0,23,0,0,0
2024-03-03,1,Кава мелена 250 г,Бакалія,23,145.0,0,0,0,1
2024-03-04,1,Кава мелена 250 г,Бакалія,42,145.0,265,0,0,0
2024-03-05,1,Кава мелена 250 г,Бакалія,50,145.0,215,0,0,0
2024-03-06,1,Кава мелена 250 г,Бакалія,57,130.5,158,1,0,0
2024-03-07,1,Кава мелена 250 г,Бакалія,44,145.0,114,0,0,0
2024-03-08,1,Кава мелена 250 г,Бакалія,51,145.0,63,0,1,0
2024-03-09,1,Кава мелена 250 г,Бакалія,63,130.5,0,1,0,0
2024-03-10,1,Кава мелена 250 г,Бакалія,0,145.0,0,0,0,0
2024-03-11,1,Кава мелена 250 г,Бакалія,37,145.0,291,0,0,1
2024-03-12,1,Кава мелена 250 г,Бакалія,41,145.0,250,0,0,0
2024-03-13,1,Кава мелена 250 г,Бакалія,42,145.0,208,0,0,0
2024-03-14,1,Кава мелена 250 г,Бакалія,34,145.0,174,0,0,0
2024-03-15,1,Кава мелена 250 г,Бакалія,48,145.0,126,0,0,0
2024-03-16,1,Кава мелена 250 г,Бакалія,45,145.0,81,0,0,0
2024-03-17,1,Кава мелена 250 г,Бакалія,40,145.0,41,0,0,0
2024-03-18,1,Кава мелена 250 г,Бакалія,43,145.0,281,0,0,0
2024-03-19,1,Кава мелена 250 г,Бакалія,37,145.0,244,0,0,0
2024-03-20,1,Кава мелена 250 г,Бакалія,36,145.0,208,0,0,0
2024-03-21,1,Кава мелена 250 г,Бакалія,31,145.0,177,0,0,0
2024-03-22,1,Кава мелена 250 г,Бакалія,41,145.0,136,0,0,0
2024-03-23,1,Кава мелена 250 г,Бакалія,51,145.0,85,0,0,0
2024-03-24,1,Кава мелена 250 г,Бакалія,51,145.0,34,0,0,0
2024-03-25,1,Кава мелена 250 г,Бакалія,41,145.0,257,0,0,0
2024-03-26,1,Кава мелена 250 г,Бакалія,43,145.0,214,0,0,0
2024-03-27,1,Кава мелена 250 г,Бакалія,49,130.5,165,1,0,0
2024-03-28,1,Кава мелена 250 г,Бакалія,44,130.5,121,1,0,0
2024-03-29,1,Кава мелена 250 г,Бакалія,57,130.5,64,1,0,0
2024-03-30,1,Кава мелена 250 г,Бакалія,43,145.0,21,0,0,1
2024-03-31,1,Кава мелена 250 г,Бакалія,21,145.0,0,0,0,0
2024-04-01,1,Кава мелена 250 г,Бакалія,38,145.0,262,0,0,0
2024-04-02,1,Кава мелена 250 г,Бакалія,49,145.0,213,0,0,0
2024-04-03,1,Кава мелена 250 г,Бакалія,35,145.0,178,0,0,1
2024-04-04,1,Кава мелена 250 г,Бакалія,42,145.0,136,0,0,0
2024-04-05,1,Кава мелена 250 г,Бакалія,49,145.0,87,0,0,0
2024-04-06,1,Кава мелена 250 г,Бакалія,36,145.0,51,0,0,0
2024-04-07,1,Кава мелена 250 г,Бакалія,51,145.0,0,0,0,0
2024-04-08,1,Кава мелена 250 г,Бакалія,29,145.0,325,0,0,0
2024-04-09,1,Кава мелена 250 г,Бакалія,43,145.0,282,0,0,0
2024-04-10,1,Кава мелена 250 г,Бакалія,55,145.0,227,0,0,0
2024-04-11,1,Кава мелена 250 г,Бакалія,33,145.0,194,0,0,0
2024-04-12,1,Кава мелена 250 г,Бакалія,38,145.0,156,0,0,0
2024-04-13,1,Кава мелена 250 г,Бакалія,50,145.0,106,0,0,0
2024-04-14,1,Кава мелена 250 г,Бакалія,41,145.0,65,0,0,0
2024-04-15,1,Кава мелена 250 г,Бакалія,33,145.0,351,0,0,0
2024-04-16,1,Кава мелена 250 г,Бакалія,43,145.0,308,0,0,0
2024-04-17,1,Кава мелена 250 г,Бакалія,48,145.0,260,0,0,0
2024-04-18,1,Кава мелена 250 г,Бакалія,43,145.0,217,0,0,1
2024-04-19,1,Кава мелена 250 г,Бакалія,42,145.0,175,0,0,0
2024-04-20,1,Кава мелена 250 г,Бакалія,64,130.5,111,1,0,0
2024-04-21,1,Кава мелена 250 г,Бакалія,36,145.0,75,0,0,0
2024-04-22,1,Кава мелена 250 г,Бакалія,42,145.0,299,0,0,0
2024-04-23,1,Кава мелена 250 г,Бакалія,48,145.0,251,0,0,0
2024-04-24,1,Кава мелена 250 г,Бакалія,55,145.0,196,0,0,0
2024-04-25,1,Кава мелена 250 г,Бакалія,39,145.0,157,0,0,0
2024-04-26,1,Кава мелена 250 г,Бакалія,51,130.5,106,1,0,0
2024-04-27,1,Кава мелена 250 г,Бакалія,54,145.0,52,0,0,2
2024-04-28,1,Кава мелена 250 г,Бакалія,52,145.0,0,0,0,0
2024-04-29,1,Кава мелена 250 г,Бакалія,32,145.0,264,0,0,0
2024-04-30,1,Кава мелена 250 г,Бакалія,53,145.0,211,0,0,0
2024-05-01,1,Кава мелена 250 г,Бакалія,50,145.0,161,0,1,1
2024-05-02,1,Кава мелена 250 г,Бакалія,31,145.0,130,0,0,0
2024-05-03,1,Кава мелена 250 г,Бакалія,35,145.0,95,0,0,0
2024-05-04,1,Кава мелена 250 г,Бакалія,48,145.0,47,0,0,0
2024-05-05,1,Кава мелена 250 г,Бакалія,47,145.0,0,0,0,0
2024-05-06,1,Кава мелена 250 г,Бакалія,40,145.0,308,0,0,0
2024-05-07,1,Кава мелена 250 г,Бакалія,42,145.0,266,0,0,1
2024-05-08,1,Кава мелена 250 г,Бакалія,42,145.0,224,0,0,0
2024-05-09,1,Кава мелена 250 г,Бакалія,38,145.0,186,0,0,0
2024-05-10,1,Кава мелена 250 г,Бакалія,46,145.0,140,0,0,0
2024-05-11,1,Кава мелена 250 г,Бакалія,44,145.0,96,0,0,0
2024-05-12,1,Кава мелена 250 г,Бакалія,43,145.0,53,0,0,0
2024-05-13,1,Кава мелена 250 г,Бакалія,52,130.5,344,1,0,0
2024-05-14,1,Кава мелена 250 г,Бакалія,36,145.0,308,0,0,1
2024-05-15,1,Кава мелена 250 г,Бакалія,43,145.0,265,0,0,0
2024-05-16,1,Кава мелена 250 г,Бакалія,54,130.5,211,1,0,1
2024-05-17,1,Кава мелена 250 г,Бакалія,50,145.0,161,0,0,0
2024-05-18,1,Кава мелена 250 г,Бакалія,50,145.0,111,0,0,0
2024-05-19,1,Кава мелена 250 г,Бакалія,46,145.0,65,0,0,0
2024-05-20,1,Кава мелена 250 г,Бакалія,39,145.0,243,0,0,1
2024-05-21,1,Кава мелена 250 г,Бакалія,40,145.0,203,0,0,0
2024-05-22,1,Кава мелена 250 г,Бакалія,47,145.0,156,0,0,0
2024-05-23,1,Кава мелена 250 г,Бакалія,57,130.5,99,1,0,0
2024-05-24,1,Кава мелена 250 г,Бакалія,34,145.0,65,0,0,1
2024-05-25,1,Кава мелена 250 г,Бакалія,53,145.0,12,0,0,0
2024-05-26,1,Кава мелена 250 г,Бакалія,12,145.0,0,0,0,0
2024-05-27,1,Кава мелена 250 г,Бакалія,53,130.5,263,1,0,0
2024-05-28,1,Кава мелена 250 г,Бакалія,46,145.0,217,0,0,0
2024-05-29,1,Кава мелена 250 г,Бакалія,42,145.0,175,0,0,0
2024-05-30,1,Кава мелена 250 г,Бакалія,40,145.0,135,0,0,0
2024-05-31,1,Кава мелена 250 г,Бакалія,36,145.0,99,0,0,1
2024-06-01,1,Кава мелена 250 г,Бакалія,43,145.0,56,0,0,0
2024-06-02,1,Кава мелена 250 г,Бакалія,49,145.0,7,0,0,0
2024-06-03,1,Кава мелена 250 г,Бакалія,29,145.0,276,0,0,0
2024-06-04,1,Кава мелена 250 г,Бакалія,39,145.0,237,0,0,0
2024-06-05,1,Кава мелена 250 г,Бакалія,38,145.0,199,0,0,0
2024-06-06,1,Кава мелена 250 г,Бакалія,27,145.0,172,0,0,0
2024-06-07,1,Кава мелена 250 г,Бакалія,52,130.5,120,1,0,0
2024-06-08,1,Кава мелена 250 г,Бакалія,57,145.0,63,0,0,0
2024-06-09,1,Кава мелена 250 г,Бакалія,38,145.0,25,0,0,0
2024-06-10,1,Кава мелена 250 г,Бакалія,44,145.0,210,0,0,1
2024-06-11,1,Кава мелена 250 г,Бакалія,52,130.5,158,1,0,0
2024-06-12,1,Кава мелена 250 г,Бакалія,37,145.0,121,0,0,0
2024-06-13,1,Кава мелена 250 г,Бакалія,48,145.0,73,0,0,0
2024-06-14,1,Кава мелена 250 г,Бакалія,32,145.0,41,0,0,0
2024-06-15,1,Кава мелена 250 г,Бакалія,37,145.0,4,0,0,0
2024-06-16,1,Кава мелена 250 г,Бакалія,4,145.0,0,0,0,0
2024-06-17,1,Кава мелена 250 г,Бакалія,34,145.0,262,0,0,0
2024-06-18,1,Кава мелена 250 г,Бакалія,47,145.0,215,0,0,0
2024-06-19,1,Кава мелена 250 г,Бакалія,44,145.0,171,0,0,0
2024-06-20,1,Кава мелена 250 г,Бакалія,41,145.0,130,0,0,0
2024-06-21,1,Кава мелена 250 г,Бакалія,43,145.0,87,0,0,0
2024-06-22,1,Кава мелена 250 г,Бакалія,52,145.0,35,0,0,0
2024-06-23,1,Кава мелена 250 г,Бакалія,35,130.5,0,1,0,0
2024-06-24,1,Кава мелена 250 г,Бакалія,45,130.5,243,1,0,0
2024-06-25,1,Кава мелена 250 г,Бакалія,42,145.0,201,0,0,0
2024-06-26,1,Кава мелена 250 г,Бакалія,48,145.0,153,0,0,0
2024-06-27,1,Кава мелена 250 г,Бакалія,36,145.0,117,0,0,0
2024-06-28,1,Кава мелена 250 г,Бакалія,46,145.0,71,0,0,0
2024-06-29,1,Кава мелена 250 г,Бакалія,45,145.0,26,0,0,0
2024-06-30,1,Кава мелена 250 г,Бакалія,26,145.0,0,0,0,0
2024-07-01,1,Кава мелена 250 г,Бакалія,30,145.0,221,0,0,0
2024-07-02,1,Кава мелена 250 г,Бакалія,42,145.0,179,0,0,0
2024-07-03,1,Кава мелена 250 г,Бакалія,35,145.0,144,0,0,1
2024-07-04,1,Кава мелена 250 г,Бакалія,35,145.0,109,0,0,1
2024-07-05,1,Кава мелена 250 г,Бакалія,45,145.0,64,0,0,1
2024-07-06,1,Кава мелена 250 г,Бакалія,64,130.5,0,1,0,0
2024-07-07,1,Кава мелена 250 г,Бакалія,0,145.0,0,0,0,0
2024-07-08,1,Кава мелена 250 г,Бакалія,37,145.0,242,0,0,0
2024-07-09,1,Кава мелена 250 г,Бакалія,36,145.0,206,0,0,0
2024-07-10,1,Кава мелена 250 г,Бакалія,43,145.0,163,0,0,0
2024-07-11,1,Кава мелена 250 г,Бакалія,31,145.0,132,0,0,0
2024-07-12,1,Кава мелена 250 г,Бакалія,60,130.5,72,1,0,0
2024-07-13,1,Кава мелена 250 г,Бакалія,36,145.0,36,0,0,0
2024-07-14,1,Кава мелена 250 г,Бакалія,36,145.0,0,0,0,0
2024-07-15,1,Кава мелена 250 г,Бакалія,38,145.0,299,0,0,1
2024-07-16,1,Кава мелена 250 г,Бакалія,30,145.0,269,0,0,0
2024-07-17,1,Кава мелена 250 г,Бакалія,49,130.5,220,1,0,1
2024-07-18,1,Кава мелена 250 г,Бакалія,45,145.0,175,0,0,0
2024-07-19,1,Кава мелена 250 г,Бакалія,29,145.0,146,0,0,1
2024-07-20,1,Кава мелена 250 г,Бакалія,39,145.0,107,0,0,0
2024-07-21,1,Кава мелена 250 г,Бакалія,42,145.0,65,0,0,0
2024-07-22,1,Кава мелена 250 г,Бакалія,32,145.0,275,0,0,0
2024-07-23,1,Кава мелена 250 г,Бакалія,33,145.0,242,0,0,0
2024-07-24,1,Кава мелена 250 г,Бакалія,31,145.0,211,0,0,1
2024-07-25,1,Кава мелена 250 г,Бакалія,38,145.0,173,0,0,0
2024-07-26,1,Кава мелена 250 г,Бакалія,52,130.5,121,1,0,0
2024-07-27,1,Кава мелена 250 г,Бакалія,46,145.0,75,0,0,0
2024-07-28,1,Кава мелена 250 г,Бакалія,46,145.0,29,0,0,0
2024-07-29,1,Кава мелена 250 г,Бакалія,39,145.0,291,0,0,0
2024-07-30,1,Кава мелена 250 г,Бакалія,34,145.0,257,0,0,0
2024-07-31,1,Кава мелена 250 г,Бакалія,34,145.0,223,0,0,1
2024-08-01,1,Кава мелена 250 г,Бакалія,45,145.0,178,0,0,0
2024-08-02,1,Кава мелена 250 г,Бакалія,34,145.0,144,0,0,0
2024-08-03,1,Кава мелена 250 г,Бакалія,49,145.0,95,0,0,0
2024-08-04,1,Кава мелена 250 г,Бакалія,53,130.5,42,1,0,0
2024-08-05,1,Кава мелена 250 г,Бакалія,40,145.0,325,0,0,0
2024-08-06,1,Кава мелена 250 г,Бакалія,38,145.0,287,0,0,0
2024-08-07,1,Кава мелена 250 г,Бакалія,32,145.0,255,0,0,0
2024-08-08,1,Кава мелена 250 г,Бакалія,41,145.0,214,0,0,0
2024-08-09,1,Кава мелена 250 г,Бакалія,48,145.0,166,0,0,0
2024-08-10,1,Кава мелена 250 г,Бакалія,48,145.0,118,0,0,0
2024-08-11,1,Кава мелена 250 г,Бакалія,50,145.0,68,0,0,1
2024-08-12,1,Кава мелена 250 г,Бакалія,40,145.0,332,0,0,0
2024-08-13,1,Кава мелена 250 г,Бакалія,42,145.0,290,0,0,0
2024-08-14,1,Кава мелена 250 г,Бакалія,28,145.0,262,0,0,0
2024-08-15,1,Кава мелена 250 г,Бакалія,29,145.0,233,0,0,0
2024-08-16,1,Кава мелена 250 г,Бакалія,35,145.0,198,0,0,0
2024-08-17,1,Кава мелена 250 г,Бакалія,49,145.0,149,0,0,0
2024-08-18,1,Кава мелена 250 г,Бакалія,48,145.0,101,0,0,0
2024-08-19,1,Кава мелена 250 г,Бакалія,39,145.0,335,0,0,0
2024-08-20,1,Кава мелена 250 г,Бакалія,45,145.0,290,0,0,1
2024-08-21,1,Кава мелена 250 г,Бакалія,35,145.0,255,0,0,0
2024-08-22,1,Кава мелена 250 г,Бакалія,41,145.0,214,0,0,0
2024-08-23,1,Кава мелена 250 г,Бакалія,33,145.0,181,0,0,2
2024-08-24,1,Кава мелена 250 г,Бакалія,82,130.5,99,1,1,0
2024-08-25,1,Кава мелена 250 г,Бакалія,39,145.0,60,0,0,0
2024-08-26,1,Кава мелена 250 г,Бакалія,41,145.0,365,0,0,0
2024-08-27,1,Кава мелена 250 г,Бакалія,37,145.0,328,0,0,1
2024-08-28,1,Кава мелена 250 г,Бакалія,43,145.0,285,0,0,0
2024-08-29,1,Кава мелена 250 г,Бакалія,44,145.0,241,0,0,0
2024-08-30,1,Кава мелена 250 г,Бакалія,33,145.0,208,0,0,0
2024-08-31,1,Кава мелена 250 г,Бакалія,47,130.5,161,1,0,0
2024-09-01,1,Кава мелена 250 г,Бакалія,47,145.0,114,0,0,0
2024-09-02,1,Кава мелена 250 г,Бакалія,37,145.0,417,0,0,0
2024-09-03,1,Кава мелена 250 г,Бакалія,46,145.0,371,0,0,0
2024-09-04,1,Кава мелена 250 г,Бакалія,45,145.0,326,0,0,0
2024-09-05,1,Кава мелена 250 г,Бакалія,46,145.0,280,0,0,0
2024-09-06,1,Кава мелена 250 г,Бакалія,58,130.5,222,1,0,0
2024-09-07,1,Кава мелена 250 г,Бакалія,38,145.0,184,0,0,0
2024-09-08,1,Кава мелена 250 г,Бакалія,52,145.0,132,0,0,0
2024-09-09,1,Кава мелена 250 г,Бакалія,48,145.0,374,0,0,0
2024-09-10,1,Кава мелена 250 г,Бакалія,37,145.0,337,0,0,0
2024-09-11,1,Кава мелена 250 г,Бакалія,43,145.0,294,0,0,0
2024-09-12,1,Кава мелена 250 г,Бакалія,47,145.0,247,0,0,0
2024-09-13,1,Кава мелена 250 г,Бакалія,41,145.0,206,0,0,0
2024-09-14,1,Кава мелена 250 г,Бакалія,40,145.0,166,0,0,0
2024-09-15,1,Кава мелена 250 г,Бакалія,46,145.0,120,0,0,0
2024-09-16,1,Кава мелена 250 г,Бакалія,58,130.5,288,1,0,1
2024-09-17,1,Кава мелена 250 г,Бакалія,36,145.0,252,0,0,1
2024-09-18,1,Кава мелена 250 г,Бакалія,37,145.0,215,0,0,0
2024-09-19,1,Кава мелена 250 г,Бакалія,45,145.0,170,0,0,0
2024-09-20,1,Кава мелена 250 г,Бакалія,44,145.0,126,0,0,0
2024-09-21,1,Кава мелена 250 г,Бакалія,67,130.5,59,1,0,1
2024-09-22,1,Кава мелена 250 г,Бакалія,57,145.0,2,0,0,0
2024-09-23,1,Кава мелена 250 г,Бакалія,42,145.0,285,0,0,0
2024-09-24,1,Кава мелена 250 г,Бакалія,42,145.0,243,0,0,0
2024-09-25,1,Кава мелена 250 г,Бакалія,45,145.0,198,0,0,0
2024-09-26,1,Кава мелена 250 г,Бакалія,47,145.0,151,0,0,0
2024-09-27,1,Кава мелена 250 г,Бакалія,46,145.0,105,0,0,1
2024-09-28,1,Кава мелена 250 г,Бакалія,61,130.5,44,1,0,0
2024-09-29,1,Кава мелена 250 г,Бакалія,44,145.0,0,0,0,1
2024-09-30,1,Кава мелена 250 г,Бакалія,61,130.5,251,1,0,0
2024-10-01,1,Кава мелена 250 г,Бакалія,38,145.0,213,0,0,0
2024-10-02,1,Кава мелена 250 г,Бакалія,36,145.0,177,0,0,0
2024-10-03,1,Кава мелена 250 г,Бакалія,56,145.0,121,0,0,0
2024-10-04,1,Кава мелена 250 г,Бакалія,44,145.0,77,0,0,0
2024-10-05,1,Кава мелена 250 г,Бакалія,46,145.0,31,0,0,0
2024-10-06,1,Кава мелена 250 г,Бакалія,31,145.0,0,0,0,0
2024-10-07,1,Кава мелена 250 г,Бакалія,45,145.0,300,0,0,0
2024-10-08,1,Кава мелена 250 г,Бакалія,37,145.0,263,0,0,0
2024-10-09,1,Кава мелена 250 г,Бакалія,34,145.0,229,0,0,1
2024-10-10,1,Кава мелена 250 г,Бакалія,46,145.0,183,0,0,0
2024-10-11,1,Кава мелена 250 г,Бакалія,52,145.0,131,0,0,0
2024-10-12,1,Кава мелена 250 г,Бакалія,48,145.0,83,0,0,0
2024-10-13,1,Кава мелена 250 г,Бакалія,49,145.0,34,0,0,0
2024-10-14,1,Кава мелена 250 г,Бакалія,35,145.0,273,0,0,0
2024-10-15,1,Кава мелена 250 г,Бакалія,51,145.0,222,0,0,0
2024-10-16,1,Кава мелена 250 г,Бакалія,35,145.0,187,0,0,0
2024-10-17,1,Кава мелена 250 г,Бакалія,40,145.0,147,0,0,0
2024-10-18,1,Кава мелена 250 г,Бакалія,38,145.0,109,0,0,0
2024-10-19,1,Кава мелена 250 г,Бакалія,49,145.0,60,0,0,0
2024-10-20,1,Кава мелена 250 г,Бакалія,41,145.0,19,0,0,1
2024-10-21,1,Кава мелена 250 г,Бакалія,35,145.0,241,0,0,0
2024-10-22,1,Кава мелена 250 г,Бакалія,39,145.0,202,0,0,0
2024-10-23,1,Кава мелена 250 г,Бакалія,29,145.0,173,0,0,1
2024-10-24,1,Кава мелена 250 г,Бакалія,55,130.5,118,1,0,0
2024-10-25,1,Кава мелена 250 г,Бакалія,33,145.0,85,0,0,0
2024-10-26,1,Кава мелена 250 г,Бакалія,43,145.0,42,0,0,1
2024-10-27,1,Кава мелена 250 г,Бакалія,42,145.0,0,0,0,0
2024-10-28,1,Кава мелена 250 г,Бакалія,47,145.0,289,0,0,0
2024-10-29,1,Кава мелена 250 г,Бакалія,46,145.0,243,0,0,0
2024-10-30,1,Кава мелена 250 г,Бакалія,44,145.0,199,0,0,0
2024-10-31,1,Кава мелена 250 г,Бакалія,55,145.0,144,0,0,0
2024-11-01,1,Кава мелена 250 г,Бакалія,60,145.0,84,0,0,0
2024-11-02,1,Кава мелена 250 г,Бакалія,54,145.0,30,0,0,0
2024-11-03,1,Кава мелена 250 г,Бакалія,30,145.0,0,0,0,0
2024-11-04,1,Кава мелена 250 г,Бакалія,58,145.0,233,0,0,0
2024-11-05,1,Кава мелена 250 г,Бакалія,53,145.0,180,0,0,1
2024-11-06,1,Кава мелена 250 г,Бакалія,52,145.0,128,0,0,0
2024-11-07,1,Кава мелена 250 г,Бакалія,46,145.0,82,0,0,1
2024-11-08,1,Кава мелена 250 г,Бакалія,50,145.0,32,0,0,0
2024-11-09,1,Кава мелена 250 г,Бакалія,32,145.0,0,0,0,0
2024-11-10,1,Кава мелена 250 г,Бакалія,0,130.5,0,1,0,0
2024-11-11,1,Кава мелена 250 г,Бакалія,53,145.0,257,0,0,0
2024-11-12,1,Кава мелена 250 г,Бакалія,56,145.0,201,0,0,0
2024-11-13,1,Кава мелена 250 г,Бакалія,52,145.0,149,0,0,0
2024-11-14,1,Кава мелена 250 г,Бакалія,46,145.0,103,0,0,0
2024-11-15,1,Кава мелена 250 г,Бакалія,48,145.0,55,0,0,0
2024-11-16,1,Кава мелена 250 г,Бакалія,52,145.0,3,0,0,0
2024-11-17,1,Кава мелена 250 г,Бакалія,3,145.0,0,0,0,0
2024-11-18,1,Кава мелена 250 г,Бакалія,41,145.0,231,0,0,0
2024-11-19,1,Кава мелена 250 г,Бакалія,42,145.0,189,0,0,1
2024-11-20,1,Кава мелена 250 г,Бакалія,41,145.0,148,0,0,0
2024-11-21,1,Кава мелена 250 г,Бакалія,50,145.0,98,0,0,0
2024-11-22,1,Кава мелена 250 г,Бакалія,52,145.0,46,0,0,0
2024-11-23,1,Кава мелена 250 г,Бакалія,46,130.5,0,1,0,0
2024-11-24,1,Кава мелена 250 г,Бакалія,0,145.0,0,0,0,0
2024-11-25,1,Кава мелена 250 г,Бакалія,41,145.0,212,0,0,0
2024-11-26,1,Кава мелена 250 г,Бакалія,46,145.0,166,0,0,0
2024-11-27,1,Кава мелена 250 г,Бакалія,48,145.0,118,0,0,0
2024-11-28,1,Кава мелена 250 г,Бакалія,41,145.0,77,0,0,0
2024-11-29,1,Кава мелена 250 г,Бакалія,43,145.0,34,0,0,0
2024-11-30,1,Кава мелена 250 г,Бакалія,34,145.0,0,0,0,0
2024-12-01,1,Кава мелена 250 г,Бакалія,0,130.5,0,1,0,0
2024-12-02,1,Кава мелена 250 г,Бакалія,47,145.0,234,0,0,0
2024-12-03,1,Кава мелена 250 г,Бакалія,56,145.0,178,0,0,0
2024-12-04,1,Кава мелена 250 г,Бакалія,48,145.0,130,0,0,0
2024-12-05,1,Кава мелена 250 г,Бакалія,46,145.0,84,0,0,1
2024-12-06,1,Кава мелена 250 г,Бакалія,45,145.0,39,0,0,0
2024-12-07,1,Кава мелена 250 г,Бакалія,39,145.0,0,0,0,0
2024-12-08,1,Кава мелена 250 г,Бакалія,0,145.0,0,0,0,0
2024-12-09,1,Кава мелена 250 г,Бакалія,48,145.0,244,0,0,0
2024-12-10,1,Кава мелена 250 г,Бакалія,71,130.5,173,1,0,0
2024-12-11,1,Кава мелена 250 г,Бакалія,49,145.0,124,0,0,0
2024-12-12,1,Кава мелена 250 г,Бакалія,69,130.5,55,1,0,0
2024-12-13,1,Кава мелена 250 г,Бакалія,53,145.0,2,0,0,0
2024-12-14,1,Кава мелена 250 г,Бакалія,2,130.5,0,1,0,0
2024-12-15,1,Кава мелена 250 г,Бакалія,0,145.0,0,0,0,0
2024-12-16,1,Кава мелена 250 г,Бакалія,47,145.0,263,0,0,0
2024-12-17,1,Кава мелена 250 г,Бакалія,36,145.0,227,0,0,0
2024-12-18,1,Кава мелена 250 г,Бакалія,45,145.0,182,0,0,0
2024-12-19,1,Кава мелена 250 г,Бакалія,48,145.0,134,0,0,0
2024-12-20,1,Кава мелена 250 г,Бакалія,48,145.0,86,0,0,0
2024-12-21,1,Кава мелена 250 г,Бакалія,57,145.0,29,0,0,1
2024-12-22,1,Кава мелена 250 г,Бакалія,29,145.0,0,0,0,0
2024-12-23,1,Кава мелена 250 г,Бакалія,49,145.0,247,0,0,0
2024-12-24,1,Кава мелена 250 г,Бакалія,51,145.0,196,0,0,0
2024-12-25,1,Кава мелена 250 г,Бакалія,55,145.0,141,0,1,0
2024-12-26,1,Кава мелена 250 г,Бакалія,57,145.0,84,0,0,0
2024-12-27,1,Кава мелена 250 г,Бакалія,54,145.0,30,0,0,0
2024-12-28,1,Кава мелена 250 г,Бакалія,30,145.0,0,0,0,0
2024-12-29,1,Кава мелена 250 г,Бакалія,0,130.5,0,1,0,0
2024-12-30,1,Кава мелена 250 г,Бакалія,51,145.0,237,0,0,0
2024-12-31,1,Кава мелена 250 г,Бакалія,59,145.0,178,0,1,1
2025-01-01,1,Кава мелена 250 г,Бакалія,55,145.0,123,0,1,0
2025-01-02,1,Кава мелена 250 г,Бакалія,37,145.0,86,0,0,0
2025-01-03,1,Кава мелена 250 г,Бакалія,54,145.0,32,0,0,0
2025-01-04,1,Кава мелена 250 г,Бакалія,32,145.0,0,0,0,0
2025-01-05,1,Кава мелена 250 г,Бакалія,0,145.0,0,0,0,0
2025-01-06,1,Кава мелена 250 г,Бакалія,57,145.0,246,0,0,0
2025-01-07,1,Кава мелена 250 г,Бакалія,57,130.5,189,1,0,0
2025-01-08,1,Кава мелена 250 г,Бакалія,55,130.5,134,1,0,0
2025-01-09,1,Кава мелена 250 г,Бакалія,40,145.0,94,0,0,0
2025-01-10,1,Кава мелена 250 г,Бакалія,67,130.5,27,1,0,0
2025-01-11,1,Кава мелена 250 г,Бакалія,27,145.0,0,0,0,0
2025-01-12,1,Кава мелена 250 г,Бакалія,0,145.0,0,0,0,0
2025-01-13,1,Кава мелена 250 г,Бакалія,47,145.0,301,0,0,0
2025-01-14,1,Кава мелена 250 г,Бакалія,54,145.0,247,0,0,0
2025-01-15,1,Кава мелена 250 г,Бакалія,49,145.0,198,0,0,0
2025-01-16,1,Кава мелена 250 г,Бакалія,73,130.5,125,1,0,0
2025-01-17,1,Кава мелена 250 г,Бакалія,39,145.0,86,0,0,0
2025-01-18,1,Кава мелена 250 г,Бакалія,58,145.0,28,0,0,0
2025-01-19,1,Кава мелена 250 г,Бакалія,28,145.0,0,0,0,0
2025-01-20,1,Кава мелена 250 г,Бакалія,41,145.0,192,0,0,1
2025-01-21,1,Кава мелена 250 г,Бакалія,45,145.0,147,0,0,0
2025-01-22,1,Кава мелена 250 г,Бакалія,38,145.0,109,0,0,1
2025-01-23,1,Кава мелена 250 г,Бакалія,60,130.5,49,1,0,1
2025-01-24,1,Кава мелена 250 г,Бакалія,46,145.0,3,0,0,0
2025-01-25,1,Кава мелена 250 г,Бакалія,3,145.0,0,0,0,0
2025-01-26,1,Кава мелена 250 г,Бакалія,0,145.0,0,0,0,0
2025-01-27,1,Кава мелена 250 г,Бакалія,68,130.5,219,1,0,0
2025-01-28,1,Кава мелена 250 г,Бакалія,47,145.0,172,0,0,2
2025-01-29,1,Кава мелена 250 г,Бакалія,45,145.0,127,0,0,0
2025-01-30,1,Кава мелена 250 г,Бакалія,49,145.0,78,0,0,0
2025-01-31,1,Кава мелена 250 г,Бакалія,46,145.0,32,0,0,0
2025-02-01,1,Кава мелена 250 г,Бакалія,32,145.0,0,0,0,0
2025-02-02,1,Кава мелена 250 г,Бакалія,0,145.0,0,0,0,1
2025-02-03,1,Кава мелена 250 г,Бакалія,39,145.0,223,0,0,0
2025-02-04,1,Кава мелена 250 г,Бакалія,40,145.0,183,0,0,0
2025-02-05,1,Кава мелена 250 г,Бакалія,38,145.0,145,0,0,0
2025-02-06,1,Кава мелена 250 г,Бакалія,39,145.0,106,0,0,0
2025-02-07,1,Кава мелена 250 г,Бакалія,43,145.0,63,0,0,0
2025-02-08,1,Кава мелена 250 г,Бакалія,58,130.5,5,1,0,0
2025-02-09,1,Кава мелена 250 г,Бакалія,5,145.0,0,0,0,0
2025-02-10,1,Кава мелена 250 г,Бакалія,58,130.5,280,1,0,0
2025-02-11,1,Кава мелена 250 г,Бакалія,49,130.5,231,1,0,0
2025-02-12,1,Кава мелена 250 г,Бакалія,48,145.0,183,0,0,0
2025-02-13,1,Кава мелена 250 г,Бакалія,46,145.0,137,0,0,0
2025-02-14,1,Кава мелена 250 г,Бакалія,44,145.0,93,0,0,0
2025-02-15,1,Кава мелена 250 г,Бакалія,58,145.0,35,0,0,0
2025-02-16,1,Кава мелена 250 г,Бакалія,35,145.0,0,0,0,0
2025-02-17,1,Кава мелена 250 г,Бакалія,55,130.5,186,1,0,0
2025-02-18,1,Кава мелена 250 г,Бакалія,41,130.5,145,1,0,3
2025-02-19,1,Кава мелена 250 г,Бакалія,50,130.5,95,1,0,0
2025-02-20,1,Кава мелена 250 г,Бакалія,53,145.0,42,0,0,0
2025-02-21,1,Кава мелена 250 г,Бакалія,42,145.0,0,0,0,0
2025-02-22,1,Кава мелена 250 г,Бакалія,0,145.0,0,0,0,0
2025-02-23,1,Кава мелена 250 г,Бакалія,0,145.0,0,0,0,0
2025-02-24,1,Кава мелена 250 г,Бакалія,58,145.0,184,0,0,0
2025-02-25,1,Кава мелена 250 г,Бакалія,46,145.0,138,0,0,0
2025-02-26,1,Кава мелена 250 г,Бакалія,40,145.0,98,0,0,1
2025-02-27,1,Кава мелена 250 г,Бакалія,33,145.0,65,0,0,0
2025-02-28,1,Кава мелена 250 г,Бакалія,41,145.0,24,0,0,0
2025-03-01,1,Кава мелена 250 г,Бакалія,24,145.0,0,0,0,0
2025-03-02,1,Кава мелена 250 г,Бакалія,0,145.0,0,0,0,0
2025-03-03,1,Кава мелена 250 г,Бакалія,41,145.0,209,0,0,0
2025-03-04,1,Кава мелена 250 г,Бакалія,40,145.0,169,0,0,0
2025-03-05,1,Кава мелена 250 г,Бакалія,51,130.5,118,1,0,0
2025-03-06,1,Кава мелена 250 г,Бакалія,35,145.0,83,0,0,0
2025-03-07,1,Кава мелена 250 г,Бакалія,41,145.0,42,0,0,0
2025-03-08,1,Кава мелена 250 г,Бакалія,42,145.0,0,0,1,0
2025-03-09,1,Кава мелена 250 г,Бакалія,0,145.0,0,0,0,0
2025-03-10,1,Кава мелена 250 г,Бакалія,47,145.0,275,0,0,0
2025-03-11,1,Кава мелена 250 г,Бакалія,40,145.0,235,0,0,0
2025-03-12,1,Кава мелена 250 г,Бакалія,35,145.0,200,0,0,0
2025-03-13,1,Кава мелена 250 г,Бакалія,42,145.0,158,0,0,0
2025-03-14,1,Кава мелена 250 г,Бакалія,39,145.0,119,0,0,0
2025-03-15,1,Кава мелена 250 г,Бакалія,48,145.0,71,0,0,0
2025-03-16,1,Кава мелена 250 г,Бакалія,54,145.0,17,0,0,1
2025-03-17,1,Кава мелена 250 г,Бакалія,53,145.0,263,0,0,0
2025-03-18,1,Кава мелена 250 г,Бакалія,49,130.5,214,1,0,0
2025-03-19,1,Кава мелена 250 г,Бакалія,46,145.0,168,0,0,0
2025-03-20,1,Кава мелена 250 г,Бакалія,61,130.5,107,1,0,0
2025-03-21,1,Кава мелена 250 г,Бакалія,36,145.0,71,0,0,1
2025-03-22,1,Кава мелена 250 г,Бакалія,49,145.0,22,0,0,0
2025-03-23,1,Кава мелена 250 г,Бакалія,22,145.0,0,0,0,0
2025-03-24,1,Кава мелена 250 г,Бакалія,35,145.0,204,0,0,1
2025-03-25,1,Кава мелена 250 г,Бакалія,49,145.0,155,0,0,0
2025-03-26,1,Кава мелена 250 г,Бакалія,51,145.0,104,0,0,0
2025-03-27,1,Кава мелена 250 г,Бакалія,39,145.0,65,0,0,0
2025-03-28,1,Кава мелена 250 г,Бакалія,56,130.5,9,1,0,1
2025-03-29,1,Кава мелена 250 г,Бакалія,9,145.0,0,0,0,0
2025-03-30,1,Кава мелена 250 г,Бакалія,0,145.0,0,0,0,0
2025-03-31,1,Кава мелена 250 г,Бакалія,61,130.5,257,1,0,0
2025-04-01,1,Кава мелена 250 г,Бакалія,41,130.5,216,1,0,1
2025-04-02,1,Кава мелена 250 г,Бакалія,43,145.0,173,0,0,0
2025-04-03,1,Кава мелена 250 г,Бакалія,47,130.5,126,1,0,0
2025-04-04,1,Кава мелена 250 г,Бакалія,56,130.5,70,1,0,0
2025-04-05,1,Кава мелена 250 г,Бакалія,39,145.0,31,0,0,2
2025-04-06,1,Кава мелена 250 г,Бакалія,31,130.5,0,1,0,0
2025-04-07,1,Кава мелена 250 г,Бакалія,52,145.0,296,0,0,0
2025-04-08,1,Кава мелена 250 г,Бакалія,66,130.5,230,1,0,0
2025-04-09,1,Кава мелена 250 г,Бакалія,38,145.0,192,0,0,0
2025-04-10,1,Кава мелена 250 г,Бакалія,38,145.0,154,0,0,0
2025-04-11,1,Кава мелена 250 г,Бакалія,30,145.0,124,0,0,0
2025-04-12,1,Кава мелена 250 г,Бакалія,53,145.0,71,0,0,0
2025-04-13,1,Кава мелена 250 г,Бакалія,55,145.0,16,0,0,0
2025-04-14,1,Кава мелена 250 г,Бакалія,38,145.0,236,0,0,0
2025-04-15,1,Кава мелена 250 г,Бакалія,59,130.5,177,1,0,0
2025-04-16,1,Кава мелена 250 г,Бакалія,61,130.5,116,1,0,0
2025-04-17,1,Кава мелена 250 г,Бакалія,52,145.0,64,0,0,0
2025-04-18,1,Кава мелена 250 г,Бакалія,32,145.0,32,0,0,0
2025-04-19,1,Кава мелена 250 г,Бакалія,32,145.0,0,0,0,0
2025-04-20,1,Кава мелена 250 г,Бакалія,0,145.0,0,0,1,0
2025-04-21,1,Кава мелена 250 г,Бакалія,42,145.0,289,0,0,0
2025-04-22,1,Кава мелена 250 г,Бакалія,46,145.0,243,0,0,1
2025-04-23,1,Кава мелена 250 г,Бакалія,54,130.5,189,1,0,0
2025-04-24,1,Кава мелена 250 г,Бакалія,54,130.5,135,1,0,0
2025-04-25,1,Кава мелена 250 г,Бакалія,47,145.0,88,0,0,0
2025-04-26,1,Кава мелена 250 г,Бакалія,48,145.0,40,0,0,0
2025-04-27,1,Кава мелена 250 г,Бакалія,40,145.0,0,0,0,0
2025-04-28,1,Кава мелена 250 г,Бакалія,38,145.0,277,0,0,0
2025-04-29,1,Кава мелена 250 г,Бакалія,38,145.0,239,0,0,0
2025-04-30,1,Кава мелена 250 г,Бакалія,44,145.0,195,0,0,0
2024-01-01,2,Молоко 2.5% 1 л,Молочні продукти,133,44.0,1343,0,1,0
2024-01-02,2,Молоко 2.5% 1 л,Молочні продукти,72,44.0,1271,0,0,0
2024-01-03,2,Молоко 2.5% 1 л,Молочні продукти,106,44.0,1165,0,0,0
2024-01-04,2,Молоко 2.5% 1 л,Молочні продукти,99,44.0,1066,0,0,0
2024-01-05,2,Молоко 2.5% 1 л,Молочні продукти,90,44.0,976,0,0,0
2024-01-06,2,Молоко 2.5% 1 л,Молочні продукти,123,44.0,853,0,0,0
2024-01-07,2,Молоко 2.5% 1 л,Молочні продукти,106,44.0,747,0,0,0
2024-01-08,2,Молоко 2.5% 1 л,Молочні продукти,82,44.0,1157,0,0,0
2024-01-09,2,Молоко 2.5% 1 л,Молочні продукти,91,44.0,1066,0,0,0
2024-01-10,2,Молоко 2.5% 1 л,Молочні продукти,93,44.0,973,0,0,0
2024-01-11,2,Молоко 2.5% 1 л,Молочні продукти,85,44.0,888,0,0,0
2024-01-12,2,Молоко 2.5% 1 л,Молочні продукти,95,44.0,793,0,0,0
2024-01-13,2,Молоко 2.5% 1 л,Молочні продукти,114,44.0,679,0,0,0
2024-01-14,2,Молоко 2.5% 1 л,Молочні продукти,89,44.0,590,0,0,1
2024-01-15,2,Молоко 2.5% 1 л,Молочні продукти,90,44.0,1060,0,0,0
2024-01-16,2,Молоко 2.5% 1 л,Молочні продукти,73,44.0,987,0,0,1
2024-01-17,2,Молоко 2.5% 1 л,Молочні продукти,103,44.0,884,0,0,0
2024-01-18,2,Молоко 2.5% 1 л,Молочні продукти,111,44.0,773,0,0,0
2024-01-19,2,Молоко 2.5% 1 л,Молочні продукти,73,44.0,700,0,0,1
2024-01-20,2,Молоко 2.5% 1 л,Молочні продукти,113,44.0,587,0,0,1
2024-01-21,2,Молоко 2.5% 1 л,Молочні продукти,110,44.0,477,0,0,0
2024-01-22,2,Молоко 2.5% 1 л,Молочні продукти,133,39.6,990,1,0,0
2024-01-23,2,Молоко 2.5% 1 л,Молочні продукти,89,44.0,901,0,0,1
2024-01-24,2,Молоко 2.5% 1 л,Молочні продукти,95,44.0,806,0,0,0
2024-01-25,2,Молоко 2.5% 1 л,Молочні продукти,134,39.6,672,1,0,0
2024-01-26,2,Молоко 2.5% 1 л,Молочні продукти,93,44.0,579,0,0,1
2024-01-27,2,Молоко 2.5% 1 л,Молочні продукти,146,39.6,433,1,0,0
2024-01-28,2,Молоко 2.5% 1 л,Молочні продукти,117,44.0,316,0,0,0
2024-01-29,2,Молоко 2.5% 1 л,Молочні продукти,83,44.0,722,0,0,0
2024-01-30,2,Молоко 2.5% 1 л,Молочні продукти,87,44.0,635,0,0,0
2024-01-31,2,Молоко 2.5% 1 л,Молочні продукти,110,39.6,525,1,0,0
2024-02-01,2,Молоко 2.5% 1 л,Молочні продукти,87,44.0,438,0,0,0
2024-02-02,2,Молоко 2.5% 1 л,Молочні продукти,77,44.0,361,0,0,1
2024-02-03,2,Молоко 2.5% 1 л,Молочні продукти,150,39.6,211,1,0,0
2024-02-04,2,Молоко 2.5% 1 л,Молочні продукти,111,39.6,100,1,0,0
2024-02-05,2,Молоко 2.5% 1 л,Молочні продукти,75,44.0,597,0,0,0
2024-02-06,2,Молоко 2.5% 1 л,Молочні продукти,144,39.6,453,1,0,0
2024-02-07,2,Молоко 2.5% 1 л,Молочні продукти,89,44.0,364,0,0,0
2024-02-08,2,Молоко 2.5% 1 л,Молочні продукти,104,39.6,260,1,0,0
2024-02-09,2,Молоко 2.5% 1 л,Молочні продукти,86,44.0,174,0,0,0
2024-02-10,2,Молоко 2.5% 1 л,Молочні продукти,89,44.0,85,0,0,0
2024-02-11,2,Молоко 2.5% 1 л,Молочні продукти,85,44.0,0,0,0,1
2024-02-12,2,Молоко 2.5% 1 л,Молочні продукти,66,44.0,408,0,0,1
2024-02-13,2,Молоко 2.5% 1 л,Молочні продукти,69,44.0,339,0,0,0
2024-02-14,2,Молоко 2.5% 1 л,Молочні продукти,101,44.0,238,0,0,0
2024-02-15,2,Молоко 2.5% 1 л,Молочні продукти,62,44.0,176,0,0,0
2024-02-16,2,Молоко 2.5% 1 л,Молочні продукти,93,44.0,83,0,0,0
2024-02-17,2,Молоко 2.5% 1 л,Молочні продукти,83,44.0,0,0,0,0
2024-02-18,2,Молоко 2.5% 1 л,Молочні продукти,0,44.0,0,0,0,0
2024-02-19,2,Молоко 2.5% 1 л,Молочні продукти,91,44.0,433,0,0,0
2024-02-20,2,Молоко 2.5% 1 л,Молочні продукти,91,44.0,342,0,0,2
2024-02-21,2,Молоко 2.5% 1 л,Молочні продукти,88,44.0,254,0,0,2
2024-02-22,2,Молоко 2.5% 1 л,Молочні продукти,108,39.6,146,1,0,0
2024-02-23,2,Молоко 2.5% 1 л,Молочні продукти,86,44.0,60,0,0,0
2024-02-24,2,Молоко 2.5% 1 л,Молочні продукти,60,39.6,0,1,0,1
2024-02-25,2,Молоко 2.5% 1 л,Молочні продукти,0,44.0,0,0,0,0
2024-02-26,2,Молоко 2.5% 1 л,Молочні продукти,116,44.0,588,0,0,0
2024-02-27,2,Молоко 2.5% 1 л,Молочні продукти,63,44.0,525,0,0,0
2024-02-28,2,Молоко 2.5% 1 л,Молочні продукти,74,44.0,451,0,0,0
2024-02-29,2,Молоко 2.5% 1 л,Молочні продукти,95,44.0,356,0,0,0
2024-03-01,2,Молоко 2.5% 1 л,Молочні продукти,116,39.6,240,1,0,0
2024-03-02,2,Молоко 2.5% 1 л,Молочні продукти,103,44.0,137,0,0,0
2024-03-03,2,Молоко 2.5% 1 л,Молочні продукти,114,44.0,23,0,0,0
2024-03-04,2,Молоко 2.5% 1 л,Молочні продукти,114,39.6,453,1,0,0
2024-03-05,2,Молоко 2.5% 1 л,Молочні продукти,95,44.0,358,0,0,0
2024-03-06,2,Молоко 2.5% 1 л,Молочні продукти,74,44.0,284,0,0,0
2024-03-07,2,Молоко 2.5% 1 л,Молочні продукти,119,39.6,165,1,0,0
2024-03-08,2,Молоко 2.5% 1 л,Молочні продукти,100,44.0,65,0,1,0
2024-03-09,2,Молоко 2.5% 1 л,Молочні продукти,65,44.0,0,0,0,0
2024-03-10,2,Молоко 2.5% 1 л,Молочні продукти,0,44.0,0,0,0,0
2024-03-11,2,Молоко 2.5% 1 л,Молочні продукти,95,39.6,567,1,0,0
2024-03-12,2,Молоко 2.5% 1 л,Молочні продукти,76,44.0,491,0,0,0
2024-03-13,2,Молоко 2.5% 1 л,Молочні продукти,120,39.6,371,1,0,0
2024-03-14,2,Молоко 2.5% 1 л,Молочні продукти,82,44.0,289,0,0,0
2024-03-15,2,Молоко 2.5% 1 л,Молочні продукти,123,39.6,166,1,0,0
2024-03-16,2,Молоко 2.5% 1 л,Молочні продукти,115,44.0,51,0,0,0
2024-03-17,2,Молоко 2.5% 1 л,Молочні продукти,51,44.0,0,0,0,0
2024-03-18,2,Молоко 2.5% 1 л,Молочні продукти,113,39.6,377,1,0,1
2024-03-19,2,Молоко 2.5% 1 л,Молочні продукти,109,39.6,268,1,0,0
2024-03-20,2,Молоко 2.5% 1 л,Молочні продукти,87,44.0,181,0,0,0
2024-03-21,2,Молоко 2.5% 1 л,Молочні продукти,82,44.0,99,0,0,1
2024-03-22,2,Молоко 2.5% 1 л,Молочні продукти,99,39.6,0,1,0,0
2024-03-23,2,Молоко 2.5% 1 л,Молочні продукти,0,44.0,0,0,0,0
2024-03-24,2,Молоко 2.5% 1 л,Молочні продукти,0,44.0,0,0,0,1
2024-03-25,2,Молоко 2.5% 1 л,Молочні продукти,74,44.0,560,0,0,1
2024-03-26,2,Молоко 2.5% 1 л,Молочні продукти,115,39.6,445,1,0,1
2024-03-27,2,Молоко 2.5% 1 л,Молочні продукти,100,44.0,345,0,0,0
2024-03-28,2,Молоко 2.5% 1 л,Молочні продукти,94,44.0,251,0,0,0
2024-03-29,2,Молоко 2.5% 1 л,Молочні продукти,113,39.6,138,1,0,0
2024-03-30,2,Молоко 2.5% 1 л,Молочні продукти,91,44.0,47,0,0,0
2024-03-31,2,Молоко 2.5% 1 л,Молочні продукти,47,44.0,0,0,0,0
2024-04-01,2,Молоко 2.5% 1 л,Молочні продукти,73,44.0,511,0,0,1
2024-04-02,2,Молоко 2.5% 1 л,Молочні продукти,102,44.0,409,0,0,1
2024-04-03,2,Молоко 2.5% 1 л,Молочні продукти,114,44.0,295,0,0,0
2024-04-04,2,Молоко 2.5% 1 л,Молочні продукти,97,44.0,198,0,0,0
2024-04-05,2,Молоко 2.5% 1 л,Молочні продукти,89,44.0,109,0,0,0
2024-04-06,2,Молоко 2.5% 1 л,Молочні продукти,82,44.0,27,0,0,0
2024-04-07,2,Молоко 2.5% 1 л,Молочні продукти,27,44.0,0,0,0,0
2024-04-08,2,Молоко 2.5% 1 л,Молочні продукти,85,44.0,596,0,0,0
2024-04-09,2,Молоко 2.5% 1 л,Молочні продукти,107,44.0,489,0,0,0
2024-04-10,2,Молоко 2.5% 1 л,Молочні продукти,74,44.0,415,0,0,1
2024-04-11,2,Молоко 2.5% 1 л,Молочні продукти,76,44.0,339,0,0,0
2024-04-12,2,Молоко 2.5% 1 л,Молочні продукти,121,39.6,218,1,0,0
2024-04-13,2,Молоко 2.5% 1 л,Молочні продукти,104,44.0,114,0,0,1
2024-04-14,2,Молоко 2.5% 1 л,Молочні продукти,92,44.0,22,0,0,0
2024-04-15,2,Молоко 2.5% 1 л,Молочні продукти,82,44.0,481,0,0,0
2024-04-16,2,Молоко 2.5% 1 л,Молочні продукти,52,44.0,429,0,0,0
2024-04-17,2,Молоко 2.5% 1 л,Молочні продукти,87,44.0,342,0,0,0
2024-04-18,2,Молоко 2.5% 1 л,Молочні продукти,69,44.0,273,0,0,0
2024-04-19,2,Молоко 2.5% 1 л,Молочні продукти,93,44.0,180,0,0,0
2024-04-20,2,Молоко 2.5% 1 л,Молочні продукти,74,44.0,106,0,0,0
2024-04-21,2,Молоко 2.5% 1 л,Молочні продукти,94,44.0,12,0,0,0
2024-04-22,2,Молоко 2.5% 1 л,Молочні продукти,112,39.6,509,1,0,0
2024-04-23,2,Молоко 2.5% 1 л,Молочні продукти,95,39.6,414,1,0,0
2024-04-24,2,Молоко 2.5% 1 л,Молочні продукти,90,44.0,324,0,0,0
2024-04-25,2,Молоко 2.5% 1 л,Молочні продукти,83,44.0,241,0,0,2
2024-04-26,2,Молоко 2.5% 1 л,Молочні продукти,83,44.0,158,0,0,0
2024-04-27,2,Молоко 2.5% 1 л,Молочні продукти,93,44.0,65,0,0,0
2024-04-28,2,Молоко 2.5% 1 л,Молочні продукти,65,44.0,0,0,0,0
2024-04-29,2,Молоко 2.5% 1 л,Молочні продукти,94,44.0,586,0,0,0
2024-04-30,2,Молоко 2.5% 1 л,Молочні продукти,82,44.0,504,0,0,0
2024-05-01,2,Молоко 2.5% 1 л,Молочні продукти,115,44.0,389,0,1,0
2024-05-02,2,Молоко 2.5% 1 л,Молочні продукти,82,44.0,307,0,0,0
2024-05-03,2,Молоко 2.5% 1 л,Молочні продукти,97,44.0,210,0,0,0
2024-05-04,2,Молоко 2.5% 1 л,Молочні продукти,82,44.0,128,0,0,0
2024-05-05,2,Молоко 2.5% 1 л,Молочні продукти,97,44.0,31,0,0,0
2024-05-06,2,Молоко 2.5% 1 л,Молочні продукти,69,44.0,522,0,0,0
2024-05-07,2,Молоко 2.5% 1 л,Молочні продукти,96,39.6,426,1,0,1
2024-05-08,2,Молоко 2.5% 1 л,Молочні продукти,87,44.0,339,0,0,0
2024-05-09,2,Молоко 2.5% 1 л,Молочні продукти,96,44.0,243,0,0,0
2024-05-10,2,Молоко 2.5% 1 л,Молочні продукти,107,44.0,136,0,0,0
2024-05-11,2,Молоко 2.5% 1 л,Молочні продукти,91,44.0,45,0,0,0
2024-05-12,2,Молоко 2.5% 1 л,Молочні продукти,45,44.0,0,0,0,0
2024-05-13,2,Молоко 2.5% 1 л,Молочні продукти,66,44.0,539,0,0,0
2024-05-14,2,Молоко 2.5% 1 л,Молочні продукти,98,44.0,441,0,0,0
2024-05-15,2,Молоко 2.5% 1 л,Молочні продукти,116,39.6,325,1,0,0
2024-05-16,2,Молоко 2.5% 1 л,Молочні продукти,61,44.0,264,0,0,0
2024-05-17,2,Молоко 2.5% 1 л,Молочні продукти,80,44.0,184,0,0,0
2024-05-18,2,Молоко 2.5% 1 л,Молочні продукти,84,44.0,100,0,0,0
2024-05-19,2,Молоко 2.5% 1 л,Молочні продукти,100,44.0,0,0,0,0
2024-05-20,2,Молоко 2.5% 1 л,Молочні продукти,78,44.0,553,0,0,0
2024-05-21,2,Молоко 2.5% 1 л,Молочні продукти,71,44.0,482,0,0,0
2024-05-22,2,Молоко 2.5% 1 л,Молочні продукти,69,44.0,413,0,0,0
2024-05-23,2,Молоко 2.5% 1 л,Молочні продукти,116,39.6,297,1,0,0
2024-05-24,2,Молоко 2.5% 1 л,Молочні продукти,98,44.0,199,0,0,0
2024-05-25,2,Молоко 2.5% 1 л,Молочні продукти,91,44.0,108,0,0,0
2024-05-26,2,Молоко 2.5% 1 л,Молочні продукти,105,44.0,3,0,0,0
2024-05-27,2,Молоко 2.5% 1 л,Молочні продукти,76,44.0,629,0,0,0
2024-05-28,2,Молоко 2.5% 1 л,Молочні продукти,113,39.6,516,1,0,0
2024-05-29,2,Молоко 2.5% 1 л,Молочні продукти,79,44.0,437,0,0,0
2024-05-30,2,Молоко 2.5% 1 л,Молочні продукти,88,44.0,349,0,0,0
2024-05-31,2,Молоко 2.5% 1 л,Молочні продукти,110,44.0,239,0,0,0
2024-06-01,2,Молоко 2.5% 1 л,Молочні продукти,98,44.0,141,0,0,0
2024-06-02,2,Молоко 2.5% 1 л,Молочні продукти,78,44.0,63,0,0,0
2024-06-03,2,Молоко 2.5% 1 л,Молочні продукти,76,44.0,631,0,0,1
2024-06-04,2,Молоко 2.5% 1 л,Молочні продукти,71,44.0,560,0,0,1
2024-06-05,2,Молоко 2.5% 1 л,Молочні продукти,61,44.0,499,0,0,0
2024-06-06,2,Молоко 2.5% 1 л,Молочні продукти,117,39.6,382,1,0,0
2024-06-07,2,Молоко 2.5% 1 л,Молочні продукти,69,44.0,313,0,0,0
2024-06-08,2,Молоко 2.5% 1 л,Молочні продукти,72,44.0,241,0,0,0
2024-06-09,2,Молоко 2.5% 1 л,Молочні продукти,93,44.0,148,0,0,1
2024-06-10,2,Молоко 2.5% 1 л,Молочні продукти,64,44.0,742,0,0,0
2024-06-11,2,Молоко 2.5% 1 л,Молочні продукти,78,44.0,664,0,0,0
2024-06-12,2,Молоко 2.5% 1 л,Молочні продукти,71,44.0,593,0,0,0
2024-06-13,2,Молоко 2.5% 1 л,Молочні продукти,80,44.0,513,0,0,1
2024-06-14,2,Молоко 2.5% 1 л,Молочні продукти,69,44.0,444,0,0,0
2024-06-15,2,Молоко 2.5% 1 л,Молочні продукти,90,44.0,354,0,0,0
2024-06-16,2,Молоко 2.5% 1 л,Молочні продукти,99,44.0,255,0,0,0
2024-06-17,2,Молоко 2.5% 1 л,Молочні продукти,107,39.6,699,1,0,0
2024-06-18,2,Молоко 2.5% 1 л,Молочні продукти,89,44.0,610,0,0,0
2024-06-19,2,Молоко 2.5% 1 л,Молочні продукти,70,44.0,540,0,0,0
2024-06-20,2,Молоко 2.5% 1 л,Молочні продукти,86,44.0,454,0,0,0
2024-06-21,2,Молоко 2.5% 1 л,Молочні продукти,93,39.6,361,1,0,1
2024-06-22,2,Молоко 2.5% 1 л,Молочні продукти,89,44.0,272,0,0,0
2024-06-23,2,Молоко 2.5% 1 л,Молочні продукти,99,44.0,173,0,0,0
2024-06-24,2,Молоко 2.5% 1 л,Молочні продукти,77,44.0,666,0,0,0
2024-06-25,2,Молоко 2.5% 1 л,Молочні продукти,69,44.0,597,0,0,1
2024-06-26,2,Молоко 2.5% 1 л,Молочні продукти,90,44.0,507,0,0,0
2024-06-27,2,Молоко 2.5% 1 л,Молочні продукти,87,44.0,420,0,0,0
2024-06-28,2,Молоко 2.5% 1 л,Молочні продукти,62,44.0,358,0,0,0
2024-06-29,2,Молоко 2.5% 1 л,Молочні продукти,85,44.0,273,0,0,0
2024-06-30,2,Молоко 2.5% 1 л,Молочні продукти,113,39.6,160,1,0,0
2024-07-01,2,Молоко 2.5% 1 л,Молочні продукти,62,44.0,582,0,0,1
2024-07-02,2,Молоко 2.5% 1 л,Молочні продукти,100,44.0,482,0,0,0
2024-07-03,2,Молоко 2.5% 1 л,Молочні продукти,61,44.0,421,0,0,0
2024-07-04,2,Молоко 2.5% 1 л,Молочні продукти,77,44.0,344,0,0,0
2024-07-05,2,Молоко 2.5% 1 л,Молочні продукти,83,44.0,261,0,0,0
2024-07-06,2,Молоко 2.5% 1 л,Молочні продукти,100,44.0,161,0,0,0
2024-07-07,2,Молоко 2.5% 1 л,Молочні продукти,115,39.6,46,1,0,0
2024-07-08,2,Молоко 2.5% 1 л,Молочні продукти,110,44.0,645,0,0,0
2024-07-09,2,Молоко 2.5% 1 л,Молочні продукти,65,44.0,580,0,0,0
2024-07-10,2,Молоко 2.5% 1 л,Молочні продукти,71,44.0,509,0,0,0
2024-07-11,2,Молоко 2.5% 1 л,Молочні продукти,105,44.0,404,0,0,0
2024-07-12,2,Молоко 2.5% 1 л,Молочні продукти,70,44.0,334,0,0,0
2024-07-13,2,Молоко 2.5% 1 л,Молочні продукти,79,44.0,255,0,0,1
2024-07-14,2,Молоко 2.5% 1 л,Молочні продукти,75,44.0,180,0,0,0
2024-07-15,2,Молоко 2.5% 1 л,Молочні продукти,81,44.0,783,0,0,0
2024-07-16,2,Молоко 2.5% 1 л,Молочні продукти,72,44.0,711,0,0,0
2024-07-17,2,Молоко 2.5% 1 л,Молочні продукти,84,44.0,627,0,0,0
2024-07-18,2,Молоко 2.5% 1 л,Молочні продукти,116,39.6,511,1,0,0
2024-07-19,2,Молоко 2.5% 1 л,Молочні продукти,80,44.0,431,0,0,0
2024-07-20,2,Молоко 2.5% 1 л,Молочні продукти,79,44.0,352,0,0,0
2024-07-21,2,Молоко 2.5% 1 л,Молочні продукти,104,44.0,248,0,0,0
2024-07-22,2,Молоко 2.5% 1 л,Молочні продукти,92,44.0,779,0,0,0
2024-07-23,2,Молоко 2.5% 1 л,Молочні продукти,86,44.0,693,0,0,0
2024-07-24,2,Молоко 2.5% 1 л,Молочні продукти,89,39.6,604,1,0,0
2024-07-25,2,Молоко 2.5% 1 л,Молочні продукти,89,44.0,515,0,0,0
2024-07-26,2,Молоко 2.5% 1 л,Молочні продукти,67,44.0,448,0,0,0
2024-07-27,2,Молоко 2.5% 1 л,Молочні продукти,104,44.0,344,0,0,0
2024-07-28,2,Молоко 2.5% 1 л,Молочні продукти,99,44.0,245,0,0,0
2024-07-29,2,Молоко 2.5% 1 л,Молочні продукти,88,44.0,811,0,0,1
2024-07-30,2,Молоко 2.5% 1 л,Молочні продукти,75,44.0,736,0,0,0
2024-07-31,2,Молоко 2.5% 1 л,Молочні продукти,95,44.0,641,0,0,1
2024-08-01,2,Молоко 2.5% 1 л,Молочні продукти,78,44.0,563,0,0,0
2024-08-02,2,Молоко 2.5% 1 л,Молочні продукти,91,44.0,472,0,0,0
2024-08-03,2,Молоко 2.5% 1 л,Молочні продукти,92,44.0,380,0,0,0
2024-08-04,2,Молоко 2.5% 1 л,Молочні продукти,78,44.0,302,0,0,0
2024-08-05,2,Молоко 2.5% 1 л,Молочні продукти,71,44.0,726,0,0,0
2024-08-06,2,Молоко 2.5% 1 л,Молочні продукти,116,39.6,610,1,0,0
2024-08-07,2,Молоко 2.5% 1 л,Молочні продукти,93,44.0,517,0,0,0
2024-08-08,2,Молоко 2.5% 1 л,Молочні продукти,75,44.0,442,0,0,0
2024-08-09,2,Молоко 2.5% 1 л,Молочні продукти,79,44.0,363,0,0,0
2024-08-10,2,Молоко 2.5% 1 л,Молочні продукти,91,44.0,272,0,0,0
2024-08-11,2,Молоко 2.5% 1 л,Молочні продукти,80,44.0,192,0,0,0
2024-08-12,2,Молоко 2.5% 1 л,Молочні продукти,74,44.0,636,0,0,0
2024-08-13,2,Молоко 2.5% 1 л,Молочні продукти,96,44.0,540,0,0,0
2024-08-14,2,Молоко 2.5% 1 л,Молочні продукти,80,44.0,460,0,0,0
2024-08-15,2,Молоко 2.5% 1 л,Молочні продукти,65,44.0,395,0,0,0
2024-08-16,2,Молоко 2.5% 1 л,Молочні продукти,98,39.6,297,1,0,0
2024-08-17,2,Молоко 2.5% 1 л,Молочні продукти,121,44.0,176,0,0,0
2024-08-18,2,Молоко 2.5% 1 л,Молочні продукти,83,44.0,93,0,0,0
2024-08-19,2,Молоко 2.5% 1 л,Молочні продукти,88,44.0,490,0,0,0
2024-08-20,2,Молоко 2.5% 1 л,Молочні продукти,109,39.6,381,1,0,0
2024-08-21,2,Молоко 2.5% 1 л,Молочні продукти,75,44.0,306,0,0,0
2024-08-22,2,Молоко 2.5% 1 л,Молочні продукти,113,39.6,193,1,0,0
2024-08-23,2,Молоко 2.5% 1 л,Молочні продукти,78,44.0,115,0,0,1
2024-08-24,2,Молоко 2.5% 1 л,Молочні продукти,115,44.0,0,0,1,0
2024-08-25,2,Молоко 2.5% 1 л,Молочні продукти,0,44.0,0,0,0,0
2024-08-26,2,Молоко 2.5% 1 л,Молочні продукти,73,44.0,484,0,0,0
2024-08-27,2,Молоко 2.5% 1 л,Молочні продукти,93,39.6,391,1,0,2
2024-08-28,2,Молоко 2.5% 1 л,Молочні продукти,70,44.0,321,0,0,0
2024-08-29,2,Молоко 2.5% 1 л,Молочні продукти,99,39.6,222,1,0,0
2024-08-30,2,Молоко 2.5% 1 л,Молочні продукти,73,44.0,149,0,0,0
2024-08-31,2,Молоко 2.5% 1 л,Молочні продукти,98,44.0,51,0,0,0
2024-09-01,2,Молоко 2.5% 1 л,Молочні продукти,51,44.0,0,0,0,0
2024-09-02,2,Молоко 2.5% 1 л,Молочні продукти,65,44.0,553,0,0,0
2024-09-03,2,Молоко 2.5% 1 л,Молочні продукти,71,44.0,482,0,0,0
2024-09-04,2,Молоко 2.5% 1 л,Молочні продукти,82,44.0,400,0,0,0
2024-09-05,2,Молоко 2.5% 1 л,Молочні продукти,83,44.0,317,0,0,0
2024-09-06,2,Молоко 2.5% 1 л,Молочні продукти,96,44.0,221,0,0,0
2024-09-07,2,Молоко 2.5% 1 л,Молочні продукти,94,44.0,127,0,0,0
2024-09-08,2,Молоко 2.5% 1 л,Молочні продукти,103,44.0,24,0,0,0
2024-09-09,2,Молоко 2.5% 1 л,Молочні продукти,88,44.0,470,0,0,0
2024-09-10,2,Молоко 2.5% 1 л,Молочні продукти,108,39.6,362,1,0,1
2024-09-11,2,Молоко 2.5% 1 л,Молочні продукти,68,44.0,294,0,0,2
2024-09-12,2,Молоко 2.5% 1 л,Молочні продукти,78,44.0,216,0,0,0
2024-09-13,2,Молоко 2.5% 1 л,Молочні продукти,83,44.0,133,0,0,0
2024-09-14,2,Молоко 2.5% 1 л,Молочні продукти,105,44.0,28,0,0,0
2024-09-15,2,Молоко 2.5% 1 л,Молочні продукти,28,44.0,0,0,0,0
2024-09-16,2,Молоко 2.5% 1 л,Молочні продукти,116,39.6,536,1,0,0
2024-09-17,2,Молоко 2.5% 1 л,Молочні продукти,81,44.0,455,0,0,0
2024-09-18,2,Молоко 2.5% 1 л,Молочні продукти,91,44.0,364,0,0,0
2024-09-19,2,Молоко 2.5% 1 л,Молочні продукти,72,44.0,292,0,0,1
2024-09-20,2,Молоко 2.5% 1 л,Молочні продукти,101,44.0,191,0,0,1
2024-09-21,2,Молоко 2.5% 1 л,Молочні продукти,119,39.6,72,1,0,0
2024-09-22,2,Молоко 2.5% 1 л,Молочні продукти,72,44.0,0,0,0,0
2024-09-23,2,Молоко 2.5% 1 л,Молочні продукти,105,39.6,504,1,0,0
2024-09-24,2,Молоко 2.5% 1 л,Молочні продукти,86,44.0,418,0,0,0
2024-09-25,2,Молоко 2.5% 1 л,Молочні продукти,61,44.0,357,0,0,0
2024-09-26,2,Молоко 2.5% 1 л,Молочні продукти,103,39.6,254,1,0,1
2024-09-27,2,Молоко 2.5% 1 л,Молочні продукти,114,39.6,140,1,0,0
2024-09-28,2,Молоко 2.5% 1 л,Молочні продукти,96,44.0,44,0,0,0
2024-09-29,2,Молоко 2.5% 1 л,Молочні продукти,44,44.0,0,0,0,0
2024-09-30,2,Молоко 2.5% 1 л,Молочні продукти,59,44.0,417,0,0,2
2024-10-01,2,Молоко 2.5% 1 л,Молочні продукти,79,44.0,338,0,0,0
2024-10-02,2,Молоко 2.5% 1 л,Молочні продукти,76,44.0,262,0,0,0
2024-10-03,2,Молоко 2.5% 1 л,Молочні продукти,76,44.0,186,0,0,1
2024-10-04,2,Молоко 2.5% 1 л,Молочні продукти,88,44.0,98,0,0,0
2024-10-05,2,Молоко 2.5% 1 л,Молочні продукти,92,44.0,6,0,0,0
2024-10-06,2,Молоко 2.5% 1 л,Молочні продукти,6,39.6,0,1,0,0
2024-10-07,2,Молоко 2.5% 1 л,Молочні продукти,72,44.0,581,0,0,1
2024-10-08,2,Молоко 2.5% 1 л,Молочні продукти,70,44.0,511,0,0,1
2024-10-09,2,Молоко 2.5% 1 л,Молочні продукти,92,44.0,419,0,0,0
2024-10-10,2,Молоко 2.5% 1 л,Молочні продукти,64,44.0,355,0,0,0
2024-10-11,2,Молоко 2.5% 1 л,Молочні продукти,85,44.0,270,0,0,0
2024-10-12,2,Молоко 2.5% 1 л,Молочні продукти,93,44.0,177,0,0,0
2024-10-13,2,Молоко 2.5% 1 л,Молочні продукти,106,44.0,71,0,0,0
2024-10-14,2,Молоко 2.5% 1 л,Молочні продукти,104,39.6,668,1,0,0
2024-10-15,2,Молоко 2.5% 1 л,Молочні продукти,74,44.0,594,0,0,1
2024-10-16,2,Молоко 2.5% 1 л,Молочні продукти,106,39.6,488,1,0,0
2024-10-17,2,Молоко 2.5% 1 л,Молочні продукти,106,39.6,382,1,0,1
2024-10-18,2,Молоко 2.5% 1 л,Молочні продукти,83,44.0,299,0,0,0
2024-10-19,2,Молоко 2.5% 1 л,Молочні продукти,122,39.6,177,1,0,0
2024-10-20,2,Молоко 2.5% 1 л,Молочні продукти,92,44.0,85,0,0,0
2024-10-21,2,Молоко 2.5% 1 л,Молочні продукти,85,44.0,663,0,0,0
2024-10-22,2,Молоко 2.5% 1 л,Молочні продукти,90,44.0,573,0,0,0
2024-10-23,2,Молоко 2.5% 1 л,Молочні продукти,87,44.0,486,0,0,0
2024-10-24,2,Молоко 2.5% 1 л,Молочні продукти,82,44.0,404,0,0,0
2024-10-25,2,Молоко 2.5% 1 л,Молочні продукти,84,44.0,320,0,0,0
2024-10-26,2,Молоко 2.5% 1 л,Молочні продукти,91,44.0,229,0,0,0
2024-10-27,2,Молоко 2.5% 1 л,Молочні продукти,110,44.0,119,0,0,0
2024-10-28,2,Молоко 2.5% 1 л,Молочні продукти,73,44.0,668,0,0,1
2024-10-29,2,Молоко 2.5% 1 л,Молочні продукти,100,39.6,568,1,0,0
2024-10-30,2,Молоко 2.5% 1 л,Молочні продукти,88,44.0,480,0,0,0
2024-10-31,2,Молоко 2.5% 1 л,Молочні продукти,75,44.0,405,0,0,0
2024-11-01,2,Молоко 2.5% 1 л,Молочні продукти,101,44.0,304,0,0,0
2024-11-02,2,Молоко 2.5% 1 л,Молочні продукти,130,39.6,174,1,0,0
2024-11-03,2,Молоко 2.5% 1 л,Молочні продукти,107,44.0,67,0,0,0
2024-11-04,2,Молоко 2.5% 1 л,Молочні продукти,87,44.0,552,0,0,0
2024-11-05,2,Молоко 2.5% 1 л,Молочні продукти,93,44.0,459,0,0,1
2024-11-06,2,Молоко 2.5% 1 л,Молочні продукти,103,44.0,356,0,0,0
2024-11-07,2,Молоко 2.5% 1 л,Молочні продукти,98,44.0,258,0,0,0
2024-11-08,2,Молоко 2.5% 1 л,Молочні продукти,117,39.6,141,1,0,1
2024-11-09,2,Молоко 2.5% 1 л,Молочні продукти,119,44.0,22,0,0,0
2024-11-10,2,Молоко 2.5% 1 л,Молочні продукти,22,44.0,0,0,0,1
2024-11-11,2,Молоко 2.5% 1 л,Молочні продукти,86,44.0,449,0,0,0
2024-11-12,2,Молоко 2.5% 1 л,Молочні продукти,90,44.0,359,0,0,0
2024-11-13,2,Молоко 2.5% 1 л,Молочні продукти,104,44.0,255,0,0,0
2024-11-14,2,Молоко 2.5% 1 л,Молочні продукти,76,44.0,179,0,0,0
2024-11-15,2,Молоко 2.5% 1 л,Молочні продукти,97,44.0,82,0,0,0
2024-11-16,2,Молоко 2.5% 1 л,Молочні продукти,82,44.0,0,0,0,2
2024-11-17,2,Молоко 2.5% 1 л,Молочні продукти,0,44.0,0,0,0,0
2024-11-18,2,Молоко 2.5% 1 л,Молочні продукти,115,44.0,550,0,0,0
2024-11-19,2,Молоко 2.5% 1 л,Молочні продукти,100,44.0,450,0,0,0
2024-11-20,2,Молоко 2.5% 1 л,Молочні продукти,98,44.0,352,0,0,0
2024-11-21,2,Молоко 2.5% 1 л,Молочні продукти,97,44.0,255,0,0,0
2024-11-22,2,Молоко 2.5% 1 л,Молочні продукти,95,44.0,160,0,0,0
2024-11-23,2,Молоко 2.5% 1 л,Молочні продукти,112,44.0,48,0,0,0
2024-11-24,2,Молоко 2.5% 1 л,Молочні продукти,48,44.0,0,0,0,0
2024-11-25,2,Молоко 2.5% 1 л,Молочні продукти,74,44.0,444,0,0,1
2024-11-26,2,Молоко 2.5% 1 л,Молочні продукти,76,44.0,368,0,0,0
2024-11-27,2,Молоко 2.5% 1 л,Молочні продукти,105,44.0,263,0,0,0
2024-11-28,2,Молоко 2.5% 1 л,Молочні продукти,86,44.0,177,0,0,0
2024-11-29,2,Молоко 2.5% 1 л,Молочні продукти,102,44.0,75,0,0,0
2024-11-30,2,Молоко 2.5% 1 л,Молочні продукти,75,44.0,0,0,0,0
2024-12-01,2,Молоко 2.5% 1 л,Молочні продукти,0,44.0,0,0,0,0
2024-12-02,2,Молоко 2.5% 1 л,Молочні продукти,74,44.0,609,0,0,0
2024-12-03,2,Молоко 2.5% 1 л,Молочні продукти,81,44.0,528,0,0,0
2024-12-04,2,Молоко 2.5% 1 л,Молочні продукти,95,44.0,433,0,0,0
2024-12-05,2,Молоко 2.5% 1 л,Молочні продукти,96,44.0,337,0,0,1
2024-12-06,2,Молоко 2.5% 1 л,Молочні продукти,77,44.0,260,0,0,0
2024-12-07,2,Молоко 2.5% 1 л,Молочні продукти,121,44.0,139,0,0,0
2024-12-08,2,Молоко 2.5% 1 л,Молочні продукти,90,44.0,49,0,0,0
2024-12-09,2,Молоко 2.5% 1 л,Молочні продукти,115,44.0,433,0,0,0
2024-12-10,2,Молоко 2.5% 1 л,Молочні продукти,79,44.0,354,0,0,2
2024-12-11,2,Молоко 2.5% 1 л,Молочні продукти,94,44.0,260,0,0,0
2024-12-12,2,Молоко 2.5% 1 л,Молочні продукти,85,44.0,175,0,0,0
2024-12-13,2,Молоко 2.5% 1 л,Молочні продукти,105,44.0,70,0,0,0
2024-12-14,2,Молоко 2.5% 1 л,Молочні продукти,70,44.0,0,0,0,0
2024-12-15,2,Молоко 2.5% 1 л,Молочні продукти,0,44.0,0,0,0,0
2024-12-16,2,Молоко 2.5% 1 л,Молочні продукти,88,44.0,402,0,0,0
2024-12-17,2,Молоко 2.5% 1 л,Молочні продукти,100,44.0,302,0,0,0
2024-12-18,2,Молоко 2.5% 1 л,Молочні продукти,90,44.0,212,0,0,0
2024-12-19,2,Молоко 2.5% 1 л,Молочні продукти,93,44.0,119,0,0,1
2024-12-20,2,Молоко 2.5% 1 л,Молочні продукти,111,44.0,8,0,0,0
2024-12-21,2,Молоко 2.5% 1 л,Молочні продукти,8,44.0,0,0,0,0
2024-12-22,2,Молоко 2.5% 1 л,Молочні продукти,0,44.0,0,0,0,0
2024-12-23,2,Молоко 2.5% 1 л,Молочні продукти,87,44.0,414,0,0,0
2024-12-24,2,Молоко 2.5% 1 л,Молочні продукти,80,44.0,334,0,0,0
2024-12-25,2,Молоко 2.5% 1 л,Молочні продукти,114,44.0,220,0,1,0
2024-12-26,2,Молоко 2.5% 1 л,Молочні продукти,100,44.0,120,0,0,0
2024-12-27,2,Молоко 2.5% 1 л,Молочні продукти,91,44.0,29,0,0,0
2024-12-28,2,Молоко 2.5% 1 л,Молочні продукти,29,44.0,0,0,0,0
2024-12-29,2,Молоко 2.5% 1 л,Молочні продукти,0,39.6,0,1,0,0
2024-12-30,2,Молоко 2.5% 1 л,Молочні продукти,104,44.0,573,0,0,0
2024-12-31,2,Молоко 2.5% 1 л,Молочні продукти,123,44.0,450,0,1,0
2025-01-01,2,Молоко 2.5% 1 л,Молочні продукти,119,44.0,331,0,1,0
2025-01-02,2,Молоко 2.5% 1 л,Молочні продукти,103,44.0,228,0,0,0
2025-01-03,2,Молоко 2.5% 1 л,Молочні продукти,87,44.0,141,0,0,1
2025-01-04,2,Молоко 2.5% 1 л,Молочні продукти,108,44.0,33,0,0,0
2025-01-05,2,Молоко 2.5% 1 л,Молочні продукти,33,39.6,0,1,0,1
2025-01-06,2,Молоко 2.5% 1 л,Молочні продукти,107,44.0,439,0,0,0
2025-01-07,2,Молоко 2.5% 1 л,Молочні продукти,93,44.0,346,0,0,0
2025-01-08,2,Молоко 2.5% 1 л,Молочні продукти,92,44.0,254,0,0,0
2025-01-09,2,Молоко 2.5% 1 л,Молочні продукти,87,44.0,167,0,0,0
2025-01-10,2,Молоко 2.5% 1 л,Молочні продукти,96,44.0,71,0,0,0
2025-01-11,2,Молоко 2.5% 1 л,Молочні продукти,71,44.0,0,0,0,0
2025-01-12,2,Молоко 2.5% 1 л,Молочні продукти,0,44.0,0,0,0,0
2025-01-13,2,Молоко 2.5% 1 л,Молочні продукти,89,44.0,499,0,0,0
2025-01-14,2,Молоко 2.5% 1 л,Молочні продукти,94,44.0,405,0,0,0
2025-01-15,2,Молоко 2.5% 1 л,Молочні продукти,117,39.6,288,1,0,0
2025-01-16,2,Молоко 2.5% 1 л,Молочні продукти,112,44.0,176,0,0,0
2025-01-17,2,Молоко 2.5% 1 л,Молочні продукти,95,44.0,81,0,0,0
2025-01-18,2,Молоко 2.5% 1 л,Молочні продукти,81,44.0,0,0,0,0
2025-01-19,2,Молоко 2.5% 1 л,Молочні продукти,0,44.0,0,0,0,0
2025-01-20,2,Молоко 2.5% 1 л,Молочні продукти,101,44.0,548,0,0,0
2025-01-21,2,Молоко 2.5% 1 л,Молочні продукти,86,44.0,462,0,0,0
2025-01-22,2,Молоко 2.5% 1 л,Молочні продукти,115,44.0,347,0,0,0
2025-01-23,2,Молоко 2.5% 1 л,Молочні продукти,82,44.0,265,0,0,0
2025-01-24,2,Молоко 2.5% 1 л,Молочні продукти,111,44.0,154,0,0,0
2025-01-25,2,Молоко 2.5% 1 л,Молочні продукти,107,44.0,47,0,0,0
2025-01-26,2,Молоко 2.5% 1 л,Молочні продукти,47,44.0,0,0,0,0
2025-01-27,2,Молоко 2.5% 1 л,Молочні продукти,122,39.6,575,1,0,0
2025-01-28,2,Молоко 2.5% 1 л,Молочні продукти,93,44.0,482,0,0,1
2025-01-29,2,Молоко 2.5% 1 л,Молочні продукти,97,44.0,385,0,0,0
2025-01-30,2,Молоко 2.5% 1 л,Молочні продукти,119,39.6,266,1,0,2
2025-01-31,2,Молоко 2.5% 1 л,Молочні продукти,140,39.6,126,1,0,0
2025-02-01,2,Молоко 2.5% 1 л,Молочні продукти,84,44.0,42,0,0,2
2025-02-02,2,Молоко 2.5% 1 л,Молочні продукти,42,44.0,0,0,0,0
2025-02-03,2,Молоко 2.5% 1 л,Молочні продукти,93,44.0,541,0,0,0
2025-02-04,2,Молоко 2.5% 1 л,Молочні продукти,66,44.0,475,0,0,0
2025-02-05,2,Молоко 2.5% 1 л,Молочні продукти,98,39.6,377,1,0,0
2025-02-06,2,Молоко 2.5% 1 л,Молочні продукти,91,44.0,286,0,0,0
2025-02-07,2,Молоко 2.5% 1 л,Молочні продукти,78,44.0,208,0,0,0
2025-02-08,2,Молоко 2.5% 1 л,Молочні продукти,101,44.0,107,0,0,0
2025-02-09,2,Молоко 2.5% 1 л,Молочні продукти,78,44.0,29,0,0,1
2025-02-10,2,Молоко 2.5% 1 л,Молочні продукти,95,44.0,579,0,0,0
2025-02-11,2,Молоко 2.5% 1 л,Молочні продукти,80,44.0,499,0,0,0
2025-02-12,2,Молоко 2.5% 1 л,Молочні продукти,46,44.0,453,0,0,0
2025-02-13,2,Молоко 2.5% 1 л,Молочні продукти,88,44.0,365,0,0,0
2025-02-14,2,Молоко 2.5% 1 л,Молочні продукти,94,44.0,271,0,0,0
2025-02-15,2,Молоко 2.5% 1 л,Молочні продукти,109,44.0,162,0,0,0
2025-02-16,2,Молоко 2.5% 1 л,Молочні продукти,110,44.0,52,0,0,0
2025-02-17,2,Молоко 2.5% 1 л,Молочні продукти,84,44.0,551,0,0,0
2025-02-18,2,Молоко 2.5% 1 л,Молочні продукти,85,44.0,466,0,0,1
2025-02-19,2,Молоко 2.5% 1 л,Молочні продукти,71,44.0,395,0,0,0
2025-02-20,2,Молоко 2.5% 1 л,Молочні продукти,104,44.0,291,0,0,0
2025-02-21,2,Молоко 2.5% 1 л,Молочні продукти,107,39.6,184,1,0,0
2025-02-22,2,Молоко 2.5% 1 л,Молочні продукти,106,44.0,78,0,0,0
2025-02-23,2,Молоко 2.5% 1 л,Молочні продукти,78,44.0,0,0,0,0
2025-02-24,2,Молоко 2.5% 1 л,Молочні продукти,78,44.0,406,0,0,0
2025-02-25,2,Молоко 2.5% 1 л,Молочні продукти,98,44.0,308,0,0,0
2025-02-26,2,Молоко 2.5% 1 л,Молочні продукти,85,44.0,223,0,0,0
2025-02-27,2,Молоко 2.5% 1 л,Молочні продукти,77,44.0,146,0,0,0
2025-02-28,2,Молоко 2.5% 1 л,Молочні продукти,76,44.0,70,0,0,0
2025-03-01,2,Молоко 2.5% 1 л,Молочні продукти,70,39.6,0,1,0,1
2025-03-02,2,Молоко 2.5% 1 л,Молочні продукти,0,44.0,0,0,0,0
2025-03-03,2,Молоко 2.5% 1 л,Молочні продукти,90,44.0,391,0,0,0
2025-03-04,2,Молоко 2.5% 1 л,Молочні продукти,117,39.6,274,1,0,0
2025-03-05,2,Молоко 2.5% 1 л,Молочні продукти,100,44.0,174,0,0,0
2025-03-06,2,Молоко 2.5% 1 л,Молочні продукти,78,44.0,96,0,0,1
2025-03-07,2,Молоко 2.5% 1 л,Молочні продукти,96,39.6,0,1,0,0
2025-03-08,2,Молоко 2.5% 1 л,Молочні продукти,0,39.6,0,1,1,0
2025-03-09,2,Молоко 2.5% 1 л,Молочні продукти,0,44.0,0,0,0,0
2025-03-10,2,Молоко 2.5% 1 л,Молочні продукти,75,44.0,510,0,0,0
2025-03-11,2,Молоко 2.5% 1 л,Молочні продукти,74,44.0,436,0,0,0
2025-03-12,2,Молоко 2.5% 1 л,Молочні продукти,103,44.0,333,0,0,0
2025-03-13,2,Молоко 2.5% 1 л,Молочні продукти,57,44.0,276,0,0,0
2025-03-14,2,Молоко 2.5% 1 л,Молочні продукти,78,44.0,198,0,0,1
2025-03-15,2,Молоко 2.5% 1 л,Молочні продукти,89,44.0,109,0,0,0
2025-03-16,2,Молоко 2.5% 1 л,Молочні продукти,109,44.0,0,0,0,0
2025-03-17,2,Молоко 2.5% 1 л,Молочні продукти,83,44.0,529,0,0,0
2025-03-18,2,Молоко 2.5% 1 л,Молочні продукти,85,44.0,444,0,0,0
2025-03-19,2,Молоко 2.5% 1 л,Молочні продукти,109,39.6,335,1,0,0
2025-03-20,2,Молоко 2.5% 1 л,Молочні продукти,84,44.0,251,0,0,1
2025-03-21,2,Молоко 2.5% 1 л,Молочні продукти,103,44.0,148,0,0,0
2025-03-22,2,Молоко 2.5% 1 л,Молочні продукти,114,44.0,34,0,0,0
2025-03-23,2,Молоко 2.5% 1 л,Молочні продукти,34,44.0,0,0,0,0
2025-03-24,2,Молоко 2.5% 1 л,Молочні продукти,91,44.0,609,0,0,0
2025-03-25,2,Молоко 2.5% 1 л,Молочні продукти,65,44.0,544,0,0,0
2025-03-26,2,Молоко 2.5% 1 л,Молочні продукти,113,39.6,431,1,0,0
2025-03-27,2,Молоко 2.5% 1 л,Молочні продукти,75,44.0,356,0,0,0
2025-03-28,2,Молоко 2.5% 1 л,Молочні продукти,108,44.0,248,0,0,0
2025-03-29,2,Молоко 2.5% 1 л,Молочні продукти,111,44.0,137,0,0,0
2025-03-30,2,Молоко 2.5% 1 л,Молочні продукти,108,44.0,29,0,0,0
2025-03-31,2,Молоко 2.5% 1 л,Молочні продукти,100,44.0,452,0,0,0
2025-04-01,2,Молоко 2.5% 1 л,Молочні продукти,91,44.0,361,0,0,0
2025-04-02,2,Молоко 2.5% 1 л,Молочні продукти,115,44.0,246,0,0,0
2025-04-03,2,Молоко 2.5% 1 л,Молочні продукти,82,44.0,164,0,0,0
2025-04-04,2,Молоко 2.5% 1 л,Молочні продукти,112,44.0,52,0,0,0
2025-04-05,2,Молоко 2.5% 1 л,Молочні продукти,52,44.0,0,0,0,0
2025-04-06,2,Молоко 2.5% 1 л,Молочні продукти,0,44.0,0,0,0,0
2025-04-07,2,Молоко 2.5% 1 л,Молочні продукти,97,44.0,394,0,0,0
2025-04-08,2,Молоко 2.5% 1 л,Молочні продукти,97,39.6,297,1,0,0
2025-04-09,2,Молоко 2.5% 1 л,Молочні продукти,82,44.0,215,0,0,0
2025-04-10,2,Молоко 2.5% 1 л,Молочні продукти,69,44.0,146,0,0,0
2025-04-11,2,Молоко 2.5% 1 л,Молочні продукти,86,44.0,60,0,0,0
2025-04-12,2,Молоко 2.5% 1 л,Молочні продукти,60,44.0,0,0,0,0
2025-04-13,2,Молоко 2.5% 1 л,Молочні продукти,0,44.0,0,0,0,0
2025-04-14,2,Молоко 2.5% 1 л,Молочні продукти,94,44.0,514,0,0,0
2025-04-15,2,Молоко 2.5% 1 л,Молочні продукти,99,44.0,415,0,0,0
2025-04-16,2,Молоко 2.5% 1 л,Молочні продукти,99,44.0,316,0,0,0
2025-04-17,2,Молоко 2.5% 1 л,Молочні продукти,75,44.0,241,0,0,0
2025-04-18,2,Молоко 2.5% 1 л,Молочні продукти,76,44.0,165,0,0,0
2025-04-19,2,Молоко 2.5% 1 л,Молочні продукти,89,44.0,76,0,0,0
2025-04-20,2,Молоко 2.5% 1 л,Молочні продукти,76,44.0,0,0,1,0
2025-04-21,2,Молоко 2.5% 1 л,Молочні продукти,101,44.0,464,0,0,0
2025-04-22,2,Молоко 2.5% 1 л,Молочні продукти,130,39.6,334,1,0,0
2025-04-23,2,Молоко 2.5% 1 л,Молочні продукти,120,39.6,214,1,0,0
2025-04-24,2,Молоко 2.5% 1 л,Молочні продукти,85,44.0,129,0,0,1
2025-04-25,2,Молоко 2.5% 1 л,Молочні продукти,113,39.6,16,1,0,0
2025-04-26,2,Молоко 2.5% 1 л,Молочні продукти,16,44.0,0,0,0,0
2025-04-27,2,Молоко 2.5% 1 л,Молочні продукти,0,44.0,0,0,0,0
2025-04-28,2,Молоко 2.5% 1 л,Молочні продукти,96,39.6,546,1,0,0
2025-04-29,2,Молоко 2.5% 1 л,Молочні продукти,81,44.0,465,0,0,0
2025-04-30,2,Молоко 2.5% 1 л,Молочні продукти,72,44.0,393,0,0,0
2024-01-01,3,Шоколад чорний 90 г,Кондитерські вироби,75,68.0,894,0,1,0
2024-01-02,3,Шоколад чорний 90 г,Кондитерські вироби,50,68.0,844,0,0,0
2024-01-03,3,Шоколад чорний 90 г,Кондитерські вироби,53,68.0,791,0,0,0
2024-01-04,3,Шоколад чорний 90 г,Кондитерські вироби,58,68.0,733,0,0,0
2024-01-05,3,Шоколад чорний 90 г,Кондитерські вироби,57,68.0,676,0,0,0
2024-01-06,3,Шоколад чорний 90 г,Кондитерські вироби,75,68.0,601,0,0,0
2024-01-07,3,Шоколад чорний 90 г,Кондитерські вироби,66,68.0,535,0,0,0
2024-01-08,3,Шоколад чорний 90 г,Кондитерські вироби,59,68.0,808,0,0,0
2024-01-09,3,Шоколад чорний 90 г,Кондитерські вироби,31,68.0,777,0,0,0
2024-01-10,3,Шоколад чорний 90 г,Кондитерські вироби,38,68.0,739,0,0,0
2024-01-11,3,Шоколад чорний 90 г,Кондитерські вироби,65,61.2,674,1,0,0
2024-01-12,3,Шоколад чорний 90 г,Кондитерські вироби,79,61.2,595,1,0,0
2024-01-13,3,Шоколад чорний 90 г,Кондитерські вироби,97,61.2,498,1,0,0
2024-01-14,3,Шоколад чорний 90 г,Кондитерські вироби,71,68.0,427,0,0,0
2024-01-15,3,Шоколад чорний 90 г,Кондитерські вироби,59,68.0,653,0,0,0
2024-01-16,3,Шоколад чорний 90 г,Кондитерські вироби,61,68.0,592,0,0,0
2024-01-17,3,Шоколад чорний 90 г,Кондитерські вироби,61,68.0,531,0,0,0
2024-01-18,3,Шоколад чорний 90 г,Кондитерські вироби,63,68.0,468,0,0,0
2024-01-19,3,Шоколад чорний 90 г,Кондитерські вироби,72,68.0,396,0,0,0
2024-01-20,3,Шоколад чорний 90 г,Кондитерські вироби,58,68.0,338,0,0,1
2024-01-21,3,Шоколад чорний 90 г,Кондитерські вироби,47,68.0,291,0,0,2
2024-01-22,3,Шоколад чорний 90 г,Кондитерські вироби,53,68.0,640,0,0,0
2024-01-23,3,Шоколад чорний 90 г,Кондитерські вироби,49,68.0,591,0,0,0
2024-01-24,3,Шоколад чорний 90 г,Кондитерські вироби,51,68.0,540,0,0,0
2024-01-25,3,Шоколад чорний 90 г,Кондитерські вироби,51,68.0,489,0,0,0
2024-01-26,3,Шоколад чорний 90 г,Кондитерські вироби,72,68.0,417,0,0,0
2024-01-27,3,Шоколад чорний 90 г,Кондитерські вироби,66,68.0,351,0,0,0
2024-01-28,3,Шоколад чорний 90 г,Кондитерські вироби,70,68.0,281,0,0,0
2024-01-29,3,Шоколад чорний 90 г,Кондитерські вироби,75,61.2,601,1,0,0
2024-01-30,3,Шоколад чорний 90 г,Кондитерські вироби,60,68.0,541,0,0,0
2024-01-31,3,Шоколад чорний 90 г,Кондитерські вироби,59,68.0,482,0,0,0
2024-02-01,3,Шоколад чорний 90 г,Кондитерські вироби,47,68.0,435,0,0,1
2024-02-02,3,Шоколад чорний 90 г,Кондитерські вироби,41,68.0,394,0,0,0
2024-02-03,3,Шоколад чорний 90 г,Кондитерські вироби,72,68.0,322,0,0,0
2024-02-04,3,Шоколад чорний 90 г,Кондитерські вироби,82,61.2,240,1,0,0
2024-02-05,3,Шоколад чорний 90 г,Кондитерські вироби,37,68.0,581,0,0,0
2024-02-06,3,Шоколад чорний 90 г,Кондитерські вироби,56,68.0,525,0,0,0
2024-02-07,3,Шоколад чорний 90 г,Кондитерські вироби,50,68.0,475,0,0,0
2024-02-08,3,Шоколад чорний 90 г,Кондитерські вироби,39,68.0,436,0,0,0
2024-02-09,3,Шоколад чорний 90 г,Кондитерські вироби,54,68.0,382,0,0,1
2024-02-10,3,Шоколад чорний 90 г,Кондитерські вироби,70,68.0,312,0,0,0
2024-02-11,3,Шоколад чорний 90 г,Кондитерські вироби,53,68.0,259,0,0,0
2024-02-12,3,Шоколад чорний 90 г,Кондитерські вироби,58,68.0,533,0,0,0
2024-02-13,3,Шоколад чорний 90 г,Кондитерські вироби,57,68.0,476,0,0,0
2024-02-14,3,Шоколад чорний 90 г,Кондитерські вироби,43,68.0,433,0,0,0
2024-02-15,3,Шоколад чорний 90 г,Кондитерські вироби,59,68.0,374,0,0,0
2024-02-16,3,Шоколад чорний 90 г,Кондитерські вироби,46,68.0,328,0,0,0
2024-02-17,3,Шоколад чорний 90 г,Кондитерські вироби,63,68.0,265,0,0,0
2024-02-18,3,Шоколад чорний 90 г,Кондитерські вироби,65,68.0,200,0,0,0
2024-02-19,3,Шоколад чорний 90 г,Кондитерські вироби,46,68.0,457,0,0,0
2024-02-20,3,Шоколад чорний 90 г,Кондитерські вироби,74,61.2,383,1,0,0
2024-02-21,3,Шоколад чорний 90 г,Кондитерські вироби,56,68.0,327,0,0,0
2024-02-22,3,Шоколад чорний 90 г,Кондитерські вироби,40,68.0,287,0,0,0
2024-02-23,3,Шоколад чорний 90 г,Кондитерські вироби,58,68.0,229,0,0,0
2024-02-24,3,Шоколад чорний 90 г,Кондитерські вироби,59,68.0,170,0,0,0
2024-02-25,3,Шоколад чорний 90 г,Кондитерські вироби,60,68.0,110,0,0,1
2024-02-26,3,Шоколад чорний 90 г,Кондитерські вироби,57,68.0,476,0,0,0
2024-02-27,3,Шоколад чорний 90 г,Кондитерські вироби,44,68.0,432,0,0,0
2024-02-28,3,Шоколад чорний 90 г,Кондитерські вироби,39,68.0,393,0,0,1
2024-02-29,3,Шоколад чорний 90 г,Кондитерські вироби,58,68.0,335,0,0,0
2024-03-01,3,Шоколад чорний 90 г,Кондитерські вироби,53,68.0,282,0,0,0
2024-03-02,3,Шоколад чорний 90 г,Кондитерські вироби,62,68.0,220,0,0,0
2024-03-03,3,Шоколад чорний 90 г,Кондитерські вироби,63,68.0,157,0,0,0
2024-03-04,3,Шоколад чорний 90 г,Кондитерські вироби,52,68.0,432,0,0,0
2024-03-05,3,Шоколад чорний 90 г,Кондитерські вироби,53,68.0,379,0,0,0
2024-03-06,3,Шоколад чорний 90 г,Кондитерські вироби,75,61.2,304,1,0,0
2024-03-07,3,Шоколад чорний 90 г,Кондитерські вироби,60,61.2,244,1,0,0
2024-03-08,3,Шоколад чорний 90 г,Кондитерські вироби,71,61.2,173,1,1,0
2024-03-09,3,Шоколад чорний 90 г,Кондитерські вироби,52,68.0,121,0,0,0
2024-03-10,3,Шоколад чорний 90 г,Кондитерські вироби,46,68.0,75,0,0,0
2024-03-11,3,Шоколад чорний 90 г,Кондитерські вироби,58,61.2,309,1,0,0
2024-03-12,3,Шоколад чорний 90 г,Кондитерські вироби,41,68.0,268,0,0,1
2024-03-13,3,Шоколад чорний 90 г,Кондитерські вироби,47,68.0,221,0,0,0
2024-03-14,3,Шоколад чорний 90 г,Кондитерські вироби,49,68.0,172,0,0,1
2024-03-15,3,Шоколад чорний 90 г,Кондитерські вироби,49,68.0,123,0,0,0
2024-03-16,3,Шоколад чорний 90 г,Кондитерські вироби,70,68.0,53,0,0,0
2024-03-17,3,Шоколад чорний 90 г,Кондитерські вироби,53,68.0,0,0,0,0
2024-03-18,3,Шоколад чорний 90 г,Кондитерські вироби,65,61.2,235,1,0,0
2024-03-19,3,Шоколад чорний 90 г,Кондитерські вироби,52,68.0,183,0,0,0
2024-03-20,3,Шоколад чорний 90 г,Кондитерські вироби,47,68.0,136,0,0,0
2024-03-21,3,Шоколад чорний 90 г,Кондитерські вироби,63,68.0,73,0,0,0
2024-03-22,3,Шоколад чорний 90 г,Кондитерські вироби,64,61.2,9,1,0,0
2024-03-23,3,Шоколад чорний 90 г,Кондитерські вироби,9,68.0,0,0,0,0
2024-03-24,3,Шоколад чорний 90 г,Кондитерські вироби,0,68.0,0,0,0,0
2024-03-25,3,Шоколад чорний 90 г,Кондитерські вироби,48,68.0,242,0,0,0
2024-03-26,3,Шоколад чорний 90 г,Кондитерські вироби,46,68.0,196,0,0,0
2024-03-27,3,Шоколад чорний 90 г,Кондитерські вироби,64,68.0,132,0,0,0
2024-03-28,3,Шоколад чорний 90 г,Кондитерські вироби,51,68.0,81,0,0,0
2024-03-29,3,Шоколад чорний 90 г,Кондитерські вироби,58,68.0,23,0,0,0
2024-03-30,3,Шоколад чорний 90 г,Кондитерські вироби,23,68.0,0,0,0,0
2024-03-31,3,Шоколад чорний 90 г,Кондитерські вироби,0,68.0,0,0,0,0
2024-04-01,3,Шоколад чорний 90 г,Кондитерські вироби,56,68.0,322,0,0,1
2024-04-02,3,Шоколад чорний 90 г,Кондитерські вироби,67,61.2,255,1,0,0
2024-04-03,3,Шоколад чорний 90 г,Кондитерські вироби,52,68.0,203,0,0,0
2024-04-04,3,Шоколад чорний 90 г,Кондитерські вироби,52,68.0,151,0,0,1
2024-04-05,3,Шоколад чорний 90 г,Кондитерські вироби,62,68.0,89,0,0,0
2024-04-06,3,Шоколад чорний 90 г,Кондитерські вироби,52,68.0,37,0,0,0
2024-04-07,3,Шоколад чорний 90 г,Кондитерські вироби,37,68.0,0,0,0,0
2024-04-08,3,Шоколад чорний 90 г,Кондитерські вироби,53,68.0,263,0,0,0
2024-04-09,3,Шоколад чорний 90 г,Кондитерські вироби,61,68.0,202,0,0,0
2024-04-10,3,Шоколад чорний 90 г,Кондитерські вироби,47,68.0,155,0,0,0
2024-04-11,3,Шоколад чорний 90 г,Кондитерські вироби,48,68.0,107,0,0,0
2024-04-12,3,Шоколад чорний 90 г,Кондитерські вироби,47,68.0,60,0,0,0
2024-04-13,3,Шоколад чорний 90 г,Кондитерські вироби,60,68.0,0,0,0,0
2024-04-14,3,Шоколад чорний 90 г,Кондитерські вироби,0,61.2,0,1,0,0
2024-04-15,3,Шоколад чорний 90 г,Кондитерські вироби,57,68.0,312,0,0,0
2024-04-16,3,Шоколад чорний 90 г,Кондитерські вироби,47,68.0,265,0,0,0
2024-04-17,3,Шоколад чорний 90 г,Кондитерські вироби,66,61.2,199,1,0,0
2024-04-18,3,Шоколад чорний 90 г,Кондитерські вироби,34,68.0,165,0,0,0
2024-04-19,3,Шоколад чорний 90 г,Кондитерські вироби,63,68.0,102,0,0,0
2024-04-20,3,Шоколад чорний 90 г,Кондитерські вироби,73,68.0,29,0,0,0
2024-04-21,3,Шоколад чорний 90 г,Кондитерські вироби,29,68.0,0,0,0,1
2024-04-22,3,Шоколад чорний 90 г,Кондитерські вироби,49,68.0,264,0,0,0
2024-04-23,3,Шоколад чорний 90 г,Кондитерські вироби,51,68.0,213,0,0,0
2024-04-24,3,Шоколад чорний 90 г,Кондитерські вироби,50,68.0,163,0,0,0
2024-04-25,3,Шоколад чорний 90 г,Кондитерські вироби,45,68.0,118,0,0,0
2024-04-26,3,Шоколад чорний 90 г,Кондитерські вироби,53,68.0,65,0,0,0
2024-04-27,3,Шоколад чорний 90 г,Кондитерські вироби,56,68.0,9,0,0,0
2024-04-28,3,Шоколад чорний 90 г,Кондитерські вироби,9,68.0,0,0,0,0
2024-04-29,3,Шоколад чорний 90 г,Кондитерські вироби,49,68.0,304,0,0,0
2024-04-30,3,Шоколад чорний 90 г,Кондитерські вироби,52,68.0,252,0,0,0
2024-05-01,3,Шоколад чорний 90 г,Кондитерські вироби,68,68.0,184,0,1,0
2024-05-02,3,Шоколад чорний 90 г,Кондитерські вироби,34,68.0,150,0,0,0
2024-05-03,3,Шоколад чорний 90 г,Кондитерські вироби,41,68.0,109,0,0,0
2024-05-04,3,Шоколад чорний 90 г,Кондитерські вироби,53,68.0,56,0,0,0
2024-05-05,3,Шоколад чорний 90 г,Кондитерські вироби,56,68.0,0,0,0,0
2024-05-06,3,Шоколад чорний 90 г,Кондитерські вироби,62,68.0,228,0,0,0
2024-05-07,3,Шоколад чорний 90 г,Кондитерські вироби,48,68.0,180,0,0,0
2024-05-08,3,Шоколад чорний 90 г,Кондитерські вироби,51,68.0,129,0,0,0
2024-05-09,3,Шоколад чорний 90 г,Кондитерські вироби,52,68.0,77,0,0,0
2024-05-10,3,Шоколад чорний 90 г,Кондитерські вироби,43,68.0,34,0,0,0
2024-05-11,3,Шоколад чорний 90 г,Кондитерські вироби,34,68.0,0,0,0,1
2024-05-12,3,Шоколад чорний 90 г,Кондитерські вироби,0,61.2,0,1,0,0
2024-05-13,3,Шоколад чорний 90 г,Кондитерські вироби,49,68.0,343,0,0,0
2024-05-14,3,Шоколад чорний 90 г,Кондитерські вироби,44,68.0,299,0,0,0
2024-05-15,3,Шоколад чорний 90 г,Кондитерські вироби,58,68.0,241,0,0,0
2024-05-16,3,Шоколад чорний 90 г,Кондитерські вироби,68,61.2,173,1,0,2
2024-05-17,3,Шоколад чорний 90 г,Кондитерські вироби,57,68.0,116,0,0,0
2024-05-18,3,Шоколад чорний 90 г,Кондитерські вироби,67,68.0,49,0,0,0
2024-05-19,3,Шоколад чорний 90 г,Кондитерські вироби,49,68.0,0,0,0,1
2024-05-20,3,Шоколад чорний 90 г,Кондитерські вироби,50,68.0,319,0,0,0
2024-05-21,3,Шоколад чорний 90 г,Кондитерські вироби,45,68.0,274,0,0,0
2024-05-22,3,Шоколад чорний 90 г,Кондитерські вироби,54,68.0,220,0,0,0
2024-05-23,3,Шоколад чорний 90 г,Кондитерські вироби,47,68.0,173,0,0,0
2024-05-24,3,Шоколад чорний 90 г,Кондитерські вироби,36,68.0,137,0,0,0
2024-05-25,3,Шоколад чорний 90 г,Кондитерські вироби,63,68.0,74,0,0,0
2024-05-26,3,Шоколад чорний 90 г,Кондитерські вироби,59,68.0,15,0,0,0
2024-05-27,3,Шоколад чорний 90 г,Кондитерські вироби,40,68.0,342,0,0,0
2024-05-28,3,Шоколад чорний 90 г,Кондитерські вироби,41,68.0,301,0,0,0
2024-05-29,3,Шоколад чорний 90 г,Кондитерські вироби,52,68.0,249,0,0,0
2024-05-30,3,Шоколад чорний 90 г,Кондитерські вироби,50,68.0,199,0,0,0
2024-05-31,3,Шоколад чорний 90 г,Кондитерські вироби,69,61.2,130,1,0,0
2024-06-01,3,Шоколад чорний 90 г,Кондитерські вироби,68,61.2,62,1,0,0
2024-06-02,3,Шоколад чорний 90 г,Кондитерські вироби,54,68.0,8,0,0,0
2024-06-03,3,Шоколад чорний 90 г,Кондитерські вироби,52,68.0,351,0,0,0
2024-06-04,3,Шоколад чорний 90 г,Кондитерські вироби,48,68.0,303,0,0,0
2024-06-05,3,Шоколад чорний 90 г,Кондитерські вироби,48,68.0,255,0,0,0
2024-06-06,3,Шоколад чорний 90 г,Кондитерські вироби,40,68.0,215,0,0,1
2024-06-07,3,Шоколад чорний 90 г,Кондитерські вироби,50,68.0,165,0,0,0
2024-06-08,3,Шоколад чорний 90 г,Кондитерські вироби,52,68.0,113,0,0,0
2024-06-09,3,Шоколад чорний 90 г,Кондитерські вироби,49,68.0,64,0,0,1
2024-06-10,3,Шоколад чорний 90 г,Кондитерські вироби,34,68.0,387,0,0,0
2024-06-11,3,Шоколад чорний 90 г,Кондитерські вироби,51,68.0,336,0,0,0
2024-06-12,3,Шоколад чорний 90 г,Кондитерські вироби,54,68.0,282,0,0,0
2024-06-13,3,Шоколад чорний 90 г,Кондитерські вироби,43,68.0,239,0,0,0
2024-06-14,3,Шоколад чорний 90 г,Кондитерські вироби,41,68.0,198,0,0,0
2024-06-15,3,Шоколад чорний 90 г,Кондитерські вироби,56,68.0,142,0,0,0
2024-06-16,3,Шоколад чорний 90 г,Кондитерські вироби,51,68.0,91,0,0,0
2024-06-17,3,Шоколад чорний 90 г,Кондитерські вироби,45,68.0,394,0,0,0
2024-06-18,3,Шоколад чорний 90 г,Кондитерські вироби,60,68.0,334,0,0,0
2024-06-19,3,Шоколад чорний 90 г,Кондитерські вироби,45,68.0,289,0,0,0
2024-06-20,3,Шоколад чорний 90 г,Кондитерські вироби,46,68.0,243,0,0,1
2024-06-21,3,Шоколад чорний 90 г,Кондитерські вироби,56,68.0,187,0,0,0
2024-06-22,3,Шоколад чорний 90 г,Кондитерські вироби,46,68.0,141,0,0,0
2024-06-23,3,Шоколад чорний 90 г,Кондитерські вироби,48,68.0,93,0,0,0
2024-06-24,3,Шоколад чорний 90 г,Кондитерські вироби,46,68.0,445,0,0,1
2024-06-25,3,Шоколад чорний 90 г,Кондитерські вироби,37,68.0,408,0,0,0
2024-06-26,3,Шоколад чорний 90 г,Кондитерські вироби,69,61.2,339,1,0,0
2024-06-27,3,Шоколад чорний 90 г,Кондитерські вироби,53,68.0,286,0,0,0
2024-06-28,3,Шоколад чорний 90 г,Кондитерські вироби,37,68.0,249,0,0,0
2024-06-29,3,Шоколад чорний 90 г,Кондитерські вироби,56,68.0,193,0,0,0
2024-06-30,3,Шоколад чорний 90 г,Кондитерські вироби,75,61.2,118,1,0,0
2024-07-01,3,Шоколад чорний 90 г,Кондитерські вироби,45,68.0,392,0,0,0
2024-07-02,3,Шоколад чорний 90 г,Кондитерські вироби,44,68.0,348,0,0,0
2024-07-03,3,Шоколад чорний 90 г,Кондитерські вироби,48,68.0,300,0,0,0
2024-07-04,3,Шоколад чорний 90 г,Кондитерські вироби,55,61.2,245,1,0,0
2024-07-05,3,Шоколад чорний 90 г,Кондитерські вироби,27,68.0,218,0,0,0
2024-07-06,3,Шоколад чорний 90 г,Кондитерські вироби,74,61.2,144,1,0,0
2024-07-07,3,Шоколад чорний 90 г,Кондитерські вироби,66,61.2,78,1,0,0
2024-07-08,3,Шоколад чорний 90 г,Кондитерські вироби,51,68.0,308,0,0,0
2024-07-09,3,Шоколад чорний 90 г,Кондитерські вироби,70,61.2,238,1,0,0
2024-07-10,3,Шоколад чорний 90 г,Кондитерські вироби,56,68.0,182,0,0,0
2024-07-11,3,Шоколад чорний 90 г,Кондитерські вироби,55,68.0,127,0,0,0
2024-07-12,3,Шоколад чорний 90 г,Кондитерські вироби,39,68.0,88,0,0,0
2024-07-13,3,Шоколад чорний 90 г,Кондитерські вироби,55,68.0,33,0,0,0
2024-07-14,3,Шоколад чорний 90 г,Кондитерські вироби,33,68.0,0,0,0,0
2024-07-15,3,Шоколад чорний 90 г,Кондитерські вироби,44,68.0,272,0,0,0
2024-07-16,3,Шоколад чорний 90 г,Кондитерські вироби,43,68.0,229,0,0,0
2024-07-17,3,Шоколад чорний 90 г,Кондитерські вироби,42,68.0,187,0,0,0
2024-07-18,3,Шоколад чорний 90 г,Кондитерські вироби,50,68.0,137,0,0,0
2024-07-19,3,Шоколад чорний 90 г,Кондитерські вироби,51,68.0,86,0,0,0
2024-07-20,3,Шоколад чорний 90 г,Кондитерські вироби,55,68.0,31,0,0,0
2024-07-21,3,Шоколад чорний 90 г,Кондитерські вироби,31,61.2,0,1,0,0
2024-07-22,3,Шоколад чорний 90 г,Кондитерські вироби,65,61.2,346,1,0,0
2024-07-23,3,Шоколад чорний 90 г,Кондитерські вироби,53,68.0,293,0,0,0
2024-07-24,3,Шоколад чорний 90 г,Кондитерські вироби,48,68.0,245,0,0,0
2024-07-25,3,Шоколад чорний 90 г,Кондитерські вироби,43,68.0,202,0,0,0
2024-07-26,3,Шоколад чорний 90 г,Кондитерські вироби,43,68.0,159,0,0,2
2024-07-27,3,Шоколад чорний 90 г,Кондитерські вироби,45,68.0,114,0,0,0
2024-07-28,3,Шоколад чорний 90 г,Кондитерські вироби,61,68.0,53,0,0,0
2024-07-29,3,Шоколад чорний 90 г,Кондитерські вироби,43,68.0,329,0,0,0
2024-07-30,3,Шоколад чорний 90 г,Кондитерські вироби,35,68.0,294,0,0,0
2024-07-31,3,Шоколад чорний 90 г,Кондитерські вироби,56,68.0,238,0,0,0
2024-08-01,3,Шоколад чорний 90 г,Кондитерські вироби,70,61.2,168,1,0,0
2024-08-02,3,Шоколад чорний 90 г,Кондитерські вироби,56,68.0,112,0,0,0
2024-08-03,3,Шоколад чорний 90 г,Кондитерські вироби,59,68.0,53,0,0,0
2024-08-04,3,Шоколад чорний 90 г,Кондитерські вироби,45,68.0,8,0,0,0
2024-08-05,3,Шоколад чорний 90 г,Кондитерські вироби,46,68.0,302,0,0,0
2024-08-06,3,Шоколад чорний 90 г,Кондитерські вироби,47,68.0,255,0,0,1
2024-08-07,3,Шоколад чорний 90 г,Кондитерські вироби,52,68.0,203,0,0,0
2024-08-08,3,Шоколад чорний 90 г,Кондитерські вироби,63,61.2,140,1,0,0
2024-08-09,3,Шоколад чорний 90 г,Кондитерські вироби,49,68.0,91,0,0,0
2024-08-10,3,Шоколад чорний 90 г,Кондитерські вироби,49,68.0,42,0,0,0
2024-08-11,3,Шоколад чорний 90 г,Кондитерські вироби,42,68.0,0,0,0,1
2024-08-12,3,Шоколад чорний 90 г,Кондитерські вироби,45,68.0,274,0,0,0
2024-08-13,3,Шоколад чорний 90 г,Кондитерські вироби,42,68.0,232,0,0,0
2024-08-14,3,Шоколад чорний 90 г,Кондитерські вироби,37,68.0,195,0,0,0
2024-08-15,3,Шоколад чорний 90 г,Кондитерські вироби,41,68.0,154,0,0,0
2024-08-16,3,Шоколад чорний 90 г,Кондитерські вироби,44,68.0,110,0,0,0
2024-08-17,3,Шоколад чорний 90 г,Кондитерські вироби,53,68.0,57,0,0,0
2024-08-18,3,Шоколад чорний 90 г,Кондитерські вироби,45,68.0,12,0,0,2
2024-08-19,3,Шоколад чорний 90 г,Кондитерські вироби,47,68.0,358,0,0,0
2024-08-20,3,Шоколад чорний 90 г,Кондитерські вироби,47,68.0,311,0,0,0
2024-08-21,3,Шоколад чорний 90 г,Кондитерські вироби,43,68.0,268,0,0,0
2024-08-22,3,Шоколад чорний 90 г,Кондитерські вироби,43,68.0,225,0,0,0
2024-08-23,3,Шоколад чорний 90 г,Кондитерські вироби,66,61.2,159,1,0,0
2024-08-24,3,Шоколад чорний 90 г,Кондитерські вироби,96,61.2,63,1,1,0
2024-08-25,3,Шоколад чорний 90 г,Кондитерські вироби,63,68.0,0,0,0,0
2024-08-26,3,Шоколад чорний 90 г,Кондитерські вироби,58,61.2,373,1,0,0
2024-08-27,3,Шоколад чорний 90 г,Кондитерські вироби,37,68.0,336,0,0,2
2024-08-28,3,Шоколад чорний 90 г,Кондитерські вироби,51,68.0,285,0,0,1
2024-08-29,3,Шоколад чорний 90 г,Кондитерські вироби,54,68.0,231,0,0,0
2024-08-30,3,Шоколад чорний 90 г,Кондитерські вироби,36,68.0,195,0,0,0
2024-08-31,3,Шоколад чорний 90 г,Кондитерські вироби,44,68.0,151,0,0,0
2024-09-01,3,Шоколад чорний 90 г,Кондитерські вироби,61,68.0,90,0,0,0
2024-09-02,3,Шоколад чорний 90 г,Кондитерські вироби,46,68.0,359,0,0,0
2024-09-03,3,Шоколад чорний 90 г,Кондитерські вироби,48,68.0,311,0,0,0
2024-09-04,3,Шоколад чорний 90 г,Кондитерські вироби,60,68.0,251,0,0,0
2024-09-05,3,Шоколад чорний 90 г,Кондитерські вироби,65,68.0,186,0,0,0
2024-09-06,3,Шоколад чорний 90 г,Кондитерські вироби,50,68.0,136,0,0,0
2024-09-07,3,Шоколад чорний 90 г,Кондитерські вироби,69,68.0,67,0,0,0
2024-09-08,3,Шоколад чорний 90 г,Кондитерські вироби,67,68.0,0,0,0,0
2024-09-09,3,Шоколад чорний 90 г,Кондитерські вироби,61,61.2,280,1,0,0
2024-09-10,3,Шоколад чорний 90 г,Кондитерські вироби,48,68.0,232,0,0,0
2024-09-11,3,Шоколад чорний 90 г,Кондитерські вироби,62,68.0,170,0,0,0
2024-09-12,3,Шоколад чорний 90 г,Кондитерські вироби,46,68.0,124,0,0,0
2024-09-13,3,Шоколад чорний 90 г,Кондитерські вироби,41,68.0,83,0,0,0
2024-09-14,3,Шоколад чорний 90 г,Кондитерські вироби,44,68.0,39,0,0,0
2024-09-15,3,Шоколад чорний 90 г,Кондитерські вироби,39,68.0,0,0,0,0
2024-09-16,3,Шоколад чорний 90 г,Кондитерські вироби,52,68.0,253,0,0,0
2024-09-17,3,Шоколад чорний 90 г,Кондитерські вироби,51,68.0,202,0,0,0
2024-09-18,3,Шоколад чорний 90 г,Кондитерські вироби,54,68.0,148,0,0,0
2024-09-19,3,Шоколад чорний 90 г,Кондитерські вироби,58,68.0,90,0,0,0
2024-09-20,3,Шоколад чорний 90 г,Кондитерські вироби,61,68.0,29,0,0,0
2024-09-21,3,Шоколад чорний 90 г,Кондитерські вироби,29,61.2,0,1,0,0
2024-09-22,3,Шоколад чорний 90 г,Кондитерські вироби,0,68.0,0,0,0,0
2024-09-23,3,Шоколад чорний 90 г,Кондитерські вироби,68,61.2,241,1,0,0
2024-09-24,3,Шоколад чорний 90 г,Кондитерські вироби,54,68.0,187,0,0,0
2024-09-25,3,Шоколад чорний 90 г,Кондитерські вироби,53,68.0,134,0,0,0
2024-09-26,3,Шоколад чорний 90 г,Кондитерські вироби,57,68.0,77,0,0,0
2024-09-27,3,Шоколад чорний 90 г,Кондитерські вироби,44,68.0,33,0,0,0
2024-09-28,3,Шоколад чорний 90 г,Кондитерські вироби,33,68.0,0,0,0,0
2024-09-29,3,Шоколад чорний 90 г,Кондитерські вироби,0,68.0,0,0,0,1
2024-09-30,3,Шоколад чорний 90 г,Кондитерські вироби,64,61.2,218,1,0,0
2024-10-01,3,Шоколад чорний 90 г,Кондитерські вироби,52,68.0,166,0,0,0
2024-10-02,3,Шоколад чорний 90 г,Кондитерські вироби,54,68.0,112,0,0,0
2024-10-03,3,Шоколад чорний 90 г,Кондитерські вироби,41,68.0,71,0,0,0
2024-10-04,3,Шоколад чорний 90 г,Кондитерські вироби,36,68.0,35,0,0,0
2024-10-05,3,Шоколад чорний 90 г,Кондитерські вироби,35,68.0,0,0,0,0
2024-10-06,3,Шоколад чорний 90 г,Кондитерські вироби,0,68.0,0,0,0,1
2024-10-07,3,Шоколад чорний 90 г,Кондитерські вироби,55,68.0,352,0,0,0
2024-10-08,3,Шоколад чорний 90 г,Кондитерські вироби,47,68.0,305,0,0,0
2024-10-09,3,Шоколад чорний 90 г,Кондитерські вироби,45,68.0,260,0,0,0
2024-10-10,3,Шоколад чорний 90 г,Кондитерські вироби,56,68.0,204,0,0,1
2024-10-11,3,Шоколад чорний 90 г,Кондитерські вироби,67,61.2,137,1,0,0
2024-10-12,3,Шоколад чорний 90 г,Кондитерські вироби,61,68.0,76,0,0,1
2024-10-13,3,Шоколад чорний 90 г,Кондитерські вироби,62,68.0,14,0,0,0
2024-10-14,3,Шоколад чорний 90 г,Кондитерські вироби,47,68.0,255,0,0,0
2024-10-15,3,Шоколад чорний 90 г,Кондитерські вироби,52,68.0,203,0,0,0
2024-10-16,3,Шоколад чорний 90 г,Кондитерські вироби,55,68.0,148,0,0,0
2024-10-17,3,Шоколад чорний 90 г,Кондитерські вироби,59,68.0,89,0,0,0
2024-10-18,3,Шоколад чорний 90 г,Кондитерські вироби,40,68.0,49,0,0,0
2024-10-19,3,Шоколад чорний 90 г,Кондитерські вироби,49,68.0,0,0,0,0
2024-10-20,3,Шоколад чорний 90 г,Кондитерські вироби,0,61.2,0,1,0,1
2024-10-21,3,Шоколад чорний 90 г,Кондитерські вироби,61,68.0,242,0,0,0
2024-10-22,3,Шоколад чорний 90 г,Кондитерські вироби,61,61.2,181,1,0,1
2024-10-23,3,Шоколад чорний 90 г,Кондитерські вироби,48,68.0,133,0,0,0
2024-10-24,3,Шоколад чорний 90 г,Кондитерські вироби,58,61.2,75,1,0,0
2024-10-25,3,Шоколад чорний 90 г,Кондитерські вироби,41,68.0,34,0,0,0
2024-10-26,3,Шоколад чорний 90 г,Кондитерські вироби,34,68.0,0,0,0,0
2024-10-27,3,Шоколад чорний 90 г,Кондитерські вироби,0,68.0,0,0,0,0
2024-10-28,3,Шоколад чорний 90 г,Кондитерські вироби,54,68.0,290,0,0,0
2024-10-29,3,Шоколад чорний 90 г,Кондитерські вироби,50,68.0,240,0,0,0
2024-10-30,3,Шоколад чорний 90 г,Кондитерські вироби,51,68.0,189,0,0,0
2024-10-31,3,Шоколад чорний 90 г,Кондитерські вироби,50,68.0,139,0,0,0
2024-11-01,3,Шоколад чорний 90 г,Кондитерські вироби,52,68.0,87,0,0,0
2024-11-02,3,Шоколад чорний 90 г,Кондитерські вироби,73,68.0,14,0,0,1
2024-11-03,3,Шоколад чорний 90 г,Кондитерські вироби,14,68.0,0,0,0,1
2024-11-04,3,Шоколад чорний 90 г,Кондитерські вироби,52,68.0,357,0,0,0
2024-11-05,3,Шоколад чорний 90 г,Кондитерські вироби,59,68.0,298,0,0,0
2024-11-06,3,Шоколад чорний 90 г,Кондитерські вироби,64,68.0,234,0,0,0
2024-11-07,3,Шоколад чорний 90 г,Кондитерські вироби,52,68.0,182,0,0,0
2024-11-08,3,Шоколад чорний 90 г,Кондитерські вироби,58,68.0,124,0,0,0
2024-11-09,3,Шоколад чорний 90 г,Кондитерські вироби,78,68.0,46,0,0,0
2024-11-10,3,Шоколад чорний 90 г,Кондитерські вироби,46,68.0,0,0,0,0
2024-11-11,3,Шоколад чорний 90 г,Кондитерські вироби,80,61.2,227,1,0,0
2024-11-12,3,Шоколад чорний 90 г,Кондитерські вироби,75,61.2,152,1,0,0
2024-11-13,3,Шоколад чорний 90 г,Кондитерські вироби,55,68.0,97,0,0,0
2024-11-14,3,Шоколад чорний 90 г,Кондитерські вироби,60,68.0,37,0,0,0
2024-11-15,3,Шоколад чорний 90 г,Кондитерські вироби,37,68.0,0,0,0,0
2024-11-16,3,Шоколад чорний 90 г,Кондитерські вироби,0,61.2,0,1,0,0
2024-11-17,3,Шоколад чорний 90 г,Кондитерські вироби,0,61.2,0,1,0,0
2024-11-18,3,Шоколад чорний 90 г,Кондитерські вироби,62,68.0,299,0,0,0
2024-11-19,3,Шоколад чорний 90 г,Кондитерські вироби,43,68.0,256,0,0,0
2024-11-20,3,Шоколад чорний 90 г,Кондитерські вироби,61,68.0,195,0,0,0
2024-11-21,3,Шоколад чорний 90 г,Кондитерські вироби,62,68.0,133,0,0,0
2024-11-22,3,Шоколад чорний 90 г,Кондитерські вироби,68,68.0,65,0,0,0
2024-11-23,3,Шоколад чорний 90 г,Кондитерські вироби,64,68.0,1,0,0,0
2024-11-24,3,Шоколад чорний 90 г,Кондитерські вироби,1,68.0,0,0,0,0
2024-11-25,3,Шоколад чорний 90 г,Кондитерські вироби,55,68.0,260,0,0,0
2024-11-26,3,Шоколад чорний 90 г,Кондитерські вироби,55,68.0,205,0,0,0
2024-11-27,3,Шоколад чорний 90 г,Кондитерські вироби,58,68.0,147,0,0,0
2024-11-28,3,Шоколад чорний 90 г,Кондитерські вироби,59,68.0,88,0,0,0
2024-11-29,3,Шоколад чорний 90 г,Кондитерські вироби,63,68.0,25,0,0,0
2024-11-30,3,Шоколад чорний 90 г,Кондитерські вироби,25,68.0,0,0,0,0
2024-12-01,3,Шоколад чорний 90 г,Кондитерські вироби,0,68.0,0,0,0,0
2024-12-02,3,Шоколад чорний 90 г,Кондитерські вироби,61,68.0,263,0,0,0
2024-12-03,3,Шоколад чорний 90 г,Кондитерські вироби,62,68.0,201,0,0,0
2024-12-04,3,Шоколад чорний 90 г,Кондитерські вироби,72,68.0,129,0,0,0
2024-12-05,3,Шоколад чорний 90 г,Кондитерські вироби,50,68.0,79,0,0,0
2024-12-06,3,Шоколад чорний 90 г,Кондитерські вироби,54,68.0,25,0,0,0
2024-12-07,3,Шоколад чорний 90 г,Кондитерські вироби,25,68.0,0,0,0,0
2024-12-08,3,Шоколад чорний 90 г,Кондитерські вироби,0,68.0,0,0,0,0
2024-12-09,3,Шоколад чорний 90 г,Кондитерські вироби,54,68.0,226,0,0,0
2024-12-10,3,Шоколад чорний 90 г,Кондитерські вироби,52,68.0,174,0,0,0
2024-12-11,3,Шоколад чорний 90 г,Кондитерські вироби,82,61.2,92,1,0,0
2024-12-12,3,Шоколад чорний 90 г,Кондитерські вироби,58,68.0,34,0,0,1
2024-12-13,3,Шоколад чорний 90 г,Кондитерські вироби,34,68.0,0,0,0,0
2024-12-14,3,Шоколад чорний 90 г,Кондитерські вироби,0,68.0,0,0,0,0
2024-12-15,3,Шоколад чорний 90 г,Кондитерські вироби,0,68.0,0,0,0,0
2024-12-16,3,Шоколад чорний 90 г,Кондитерські вироби,52,68.0,317,0,0,0
2024-12-17,3,Шоколад чорний 90 г,Кондитерські вироби,58,68.0,259,0,0,0
2024-12-18,3,Шоколад чорний 90 г,Кондитерські вироби,47,68.0,212,0,0,1
2024-12-19,3,Шоколад чорний 90 г,Кондитерські вироби,63,68.0,149,0,0,0
2024-12-20,3,Шоколад чорний 90 г,Кондитерські вироби,68,68.0,81,0,0,0
2024-12-21,3,Шоколад чорний 90 г,Кондитерські вироби,62,68.0,19,0,0,0
2024-12-22,3,Шоколад чорний 90 г,Кондитерські вироби,19,68.0,0,0,0,0
2024-12-23,3,Шоколад чорний 90 г,Кондитерські вироби,52,68.0,300,0,0,0
2024-12-24,3,Шоколад чорний 90 г,Кондитерські вироби,48,68.0,252,0,0,0
2024-12-25,3,Шоколад чорний 90 г,Кондитерські вироби,105,61.2,147,1,1,0
2024-12-26,3,Шоколад чорний 90 г,Кондитерські вироби,63,68.0,84,0,0,0
2024-12-27,3,Шоколад чорний 90 г,Кондитерські вироби,63,68.0,21,0,0,0
2024-12-28,3,Шоколад чорний 90 г,Кондитерські вироби,21,68.0,0,0,0,0
2024-12-29,3,Шоколад чорний 90 г,Кондитерські вироби,0,61.2,0,1,0,0
2024-12-30,3,Шоколад чорний 90 г,Кондитерські вироби,83,61.2,213,1,0,0
2024-12-31,3,Шоколад чорний 90 г,Кондитерські вироби,69,68.0,144,0,1,1
2025-01-01,3,Шоколад чорний 90 г,Кондитерські вироби,87,68.0,57,0,1,0
2025-01-02,3,Шоколад чорний 90 г,Кондитерські вироби,54,68.0,3,0,0,0
2025-01-03,3,Шоколад чорний 90 г,Кондитерські вироби,3,68.0,0,0,0,2
2025-01-04,3,Шоколад чорний 90 г,Кондитерські вироби,0,68.0,0,0,0,0
2025-01-05,3,Шоколад чорний 90 г,Кондитерські вироби,0,68.0,0,0,0,0
2025-01-06,3,Шоколад чорний 90 г,Кондитерські вироби,54,68.0,379,0,0,0
2025-01-07,3,Шоколад чорний 90 г,Кондитерські вироби,72,68.0,307,0,0,0
2025-01-08,3,Шоколад чорний 90 г,Кондитерські вироби,85,61.2,222,1,0,0
2025-01-09,3,Шоколад чорний 90 г,Кондитерські вироби,50,68.0,172,0,0,1
2025-01-10,3,Шоколад чорний 90 г,Кондитерські вироби,48,68.0,124,0,0,0
2025-01-11,3,Шоколад чорний 90 г,Кондитерські вироби,76,68.0,48,0,0,0
2025-01-12,3,Шоколад чорний 90 г,Кондитерські вироби,48,68.0,0,0,0,0
2025-01-13,3,Шоколад чорний 90 г,Кондитерські вироби,50,68.0,354,0,0,0
2025-01-14,3,Шоколад чорний 90 г,Кондитерські вироби,58,68.0,296,0,0,0
2025-01-15,3,Шоколад чорний 90 г,Кондитерські вироби,58,68.0,238,0,0,0
2025-01-16,3,Шоколад чорний 90 г,Кондитерські вироби,71,61.2,167,1,0,0
2025-01-17,3,Шоколад чорний 90 г,Кондитерські вироби,69,61.2,98,1,0,0
2025-01-18,3,Шоколад чорний 90 г,Кондитерські вироби,86,68.0,12,0,0,0
2025-01-19,3,Шоколад чорний 90 г,Кондитерські вироби,12,68.0,0,0,0,0
2025-01-20,3,Шоколад чорний 90 г,Кондитерські вироби,56,68.0,289,0,0,0
2025-01-21,3,Шоколад чорний 90 г,Кондитерські вироби,58,68.0,231,0,0,0
2025-01-22,3,Шоколад чорний 90 г,Кондитерські вироби,62,68.0,169,0,0,0
2025-01-23,3,Шоколад чорний 90 г,Кондитерські вироби,41,68.0,128,0,0,0
2025-01-24,3,Шоколад чорний 90 г,Кондитерські вироби,54,68.0,74,0,0,0
2025-01-25,3,Шоколад чорний 90 г,Кондитерські вироби,67,68.0,7,0,0,0
2025-01-26,3,Шоколад чорний 90 г,Кондитерські вироби,7,68.0,0,0,0,0
2025-01-27,3,Шоколад чорний 90 г,Кондитерські вироби,60,68.0,264,0,0,0
2025-01-28,3,Шоколад чорний 90 г,Кондитерські вироби,65,68.0,199,0,0,0
2025-01-29,3,Шоколад чорний 90 г,Кондитерські вироби,66,68.0,133,0,0,0
2025-01-30,3,Шоколад чорний 90 г,Кондитерські вироби,57,68.0,76,0,0,0
2025-01-31,3,Шоколад чорний 90 г,Кондитерські вироби,65,68.0,11,0,0,0
2025-02-01,3,Шоколад чорний 90 г,Кондитерські вироби,11,68.0,0,0,0,0
2025-02-02,3,Шоколад чорний 90 г,Кондитерські вироби,0,68.0,0,0,0,0
2025-02-03,3,Шоколад чорний 90 г,Кондитерські вироби,50,68.0,333,0,0,1
2025-02-04,3,Шоколад чорний 90 г,Кондитерські вироби,66,61.2,267,1,0,0
2025-02-05,3,Шоколад чорний 90 г,Кондитерські вироби,49,68.0,218,0,0,0
2025-02-06,3,Шоколад чорний 90 г,Кондитерські вироби,50,68.0,168,0,0,0
2025-02-07,3,Шоколад чорний 90 г,Кондитерські вироби,56,68.0,112,0,0,0
2025-02-08,3,Шоколад чорний 90 г,Кондитерські вироби,73,61.2,39,1,0,0
2025-02-09,3,Шоколад чорний 90 г,Кондитерські вироби,39,68.0,0,0,0,0
2025-02-10,3,Шоколад чорний 90 г,Кондитерські вироби,49,68.0,323,0,0,0
2025-02-11,3,Шоколад чорний 90 г,Кондитерські вироби,43,68.0,280,0,0,0
2025-02-12,3,Шоколад чорний 90 г,Кондитерські вироби,51,68.0,229,0,0,0
2025-02-13,3,Шоколад чорний 90 г,Кондитерські вироби,43,68.0,186,0,0,0
2025-02-14,3,Шоколад чорний 90 г,Кондитерські вироби,66,61.2,120,1,0,0
2025-02-15,3,Шоколад чорний 90 г,Кондитерські вироби,59,68.0,61,0,0,0
2025-02-16,3,Шоколад чорний 90 г,Кондитерські вироби,54,68.0,7,0,0,1
2025-02-17,3,Шоколад чорний 90 г,Кондитерські вироби,44,68.0,395,0,0,0
2025-02-18,3,Шоколад чорний 90 г,Кондитерські вироби,59,68.0,336,0,0,0
2025-02-19,3,Шоколад чорний 90 г,Кондитерські вироби,46,68.0,290,0,0,0
2025-02-20,3,Шоколад чорний 90 г,Кондитерські вироби,56,68.0,234,0,0,0
2025-02-21,3,Шоколад чорний 90 г,Кондитерські вироби,53,68.0,181,0,0,0
2025-02-22,3,Шоколад чорний 90 г,Кондитерські вироби,65,68.0,116,0,0,0
2025-02-23,3,Шоколад чорний 90 г,Кондитерські вироби,68,68.0,48,0,0,0
2025-02-24,3,Шоколад чорний 90 г,Кондитерські вироби,49,68.0,321,0,0,0
2025-02-25,3,Шоколад чорний 90 г,Кондитерські вироби,51,68.0,270,0,0,0
2025-02-26,3,Шоколад чорний 90 г,Кондитерські вироби,63,61.2,207,1,0,1
2025-02-27,3,Шоколад чорний 90 г,Кондитерські вироби,41,68.0,166,0,0,1
2025-02-28,3,Шоколад чорний 90 г,Кондитерські вироби,68,61.2,98,1,0,0
2025-03-01,3,Шоколад чорний 90 г,Кондитерські вироби,62,68.0,36,0,0,0
2025-03-02,3,Шоколад чорний 90 г,Кондитерські вироби,36,68.0,0,0,0,0
2025-03-03,3,Шоколад чорний 90 г,Кондитерські вироби,60,68.0,336,0,0,0
2025-03-04,3,Шоколад чорний 90 г,Кондитерські вироби,48,68.0,288,0,0,0
2025-03-05,3,Шоколад чорний 90 г,Кондитерські вироби,52,68.0,236,0,0,2
2025-03-06,3,Шоколад чорний 90 г,Кондитерські вироби,63,68.0,173,0,0,0
2025-03-07,3,Шоколад чорний 90 г,Кондитерські вироби,75,61.2,98,1,0,0
2025-03-08,3,Шоколад чорний 90 г,Кондитерські вироби,98,61.2,0,1,1,0
2025-03-09,3,Шоколад чорний 90 г,Кондитерські вироби,0,68.0,0,0,0,0
2025-03-10,3,Шоколад чорний 90 г,Кондитерські вироби,44,68.0,246,0,0,0
2025-03-11,3,Шоколад чорний 90 г,Кондитерські вироби,58,68.0,188,0,0,0
2025-03-12,3,Шоколад чорний 90 г,Кондитерські вироби,45,68.0,143,0,0,0
2025-03-13,3,Шоколад чорний 90 г,Кондитерські вироби,61,68.0,82,0,0,0
2025-03-14,3,Шоколад чорний 90 г,Кондитерські вироби,35,68.0,47,0,0,3
2025-03-15,3,Шоколад чорний 90 г,Кондитерські вироби,47,68.0,0,0,0,0
2025-03-16,3,Шоколад чорний 90 г,Кондитерські вироби,0,68.0,0,0,0,0
2025-03-17,3,Шоколад чорний 90 г,Кондитерські вироби,57,68.0,359,0,0,0
2025-03-18,3,Шоколад чорний 90 г,Кондитерські вироби,46,68.0,313,0,0,0
2025-03-19,3,Шоколад чорний 90 г,Кондитерські вироби,77,61.2,236,1,0,0
2025-03-20,3,Шоколад чорний 90 г,Кондитерські вироби,69,61.2,167,1,0,0
2025-03-21,3,Шоколад чорний 90 г,Кондитерські вироби,64,61.2,103,1,0,0
2025-03-22,3,Шоколад чорний 90 г,Кондитерські вироби,67,68.0,36,0,0,0
2025-03-23,3,Шоколад чорний 90 г,Кондитерські вироби,36,68.0,0,0,0,0
2025-03-24,3,Шоколад чорний 90 г,Кондитерські вироби,52,68.0,347,0,0,0
2025-03-25,3,Шоколад чорний 90 г,Кондитерські вироби,40,68.0,307,0,0,0
2025-03-26,3,Шоколад чорний 90 г,Кондитерські вироби,56,68.0,251,0,0,0
2025-03-27,3,Шоколад чорний 90 г,Кондитерські вироби,59,68.0,192,0,0,0
2025-03-28,3,Шоколад чорний 90 г,Кондитерські вироби,57,68.0,135,0,0,0
2025-03-29,3,Шоколад чорний 90 г,Кондитерські вироби,66,68.0,69,0,0,0
2025-03-30,3,Шоколад чорний 90 г,Кондитерські вироби,69,61.2,0,1,0,0
2025-03-31,3,Шоколад чорний 90 г,Кондитерські вироби,68,61.2,280,1,0,0
2025-04-01,3,Шоколад чорний 90 г,Кондитерські вироби,45,68.0,235,0,0,0
2025-04-02,3,Шоколад чорний 90 г,Кондитерські вироби,65,61.2,170,1,0,1
2025-04-03,3,Шоколад чорний 90 г,Кондитерські вироби,63,61.2,107,1,0,0
2025-04-04,3,Шоколад чорний 90 г,Кондитерські вироби,48,68.0,59,0,0,0
2025-04-05,3,Шоколад чорний 90 г,Кондитерські вироби,51,68.0,8,0,0,0
2025-04-06,3,Шоколад чорний 90 г,Кондитерські вироби,8,68.0,0,0,0,0
2025-04-07,3,Шоколад чорний 90 г,Кондитерські вироби,51,68.0,286,0,0,0
2025-04-08,3,Шоколад чорний 90 г,Кондитерські вироби,57,68.0,229,0,0,0
2025-04-09,3,Шоколад чорний 90 г,Кондитерські вироби,49,68.0,180,0,0,0
2025-04-10,3,Шоколад чорний 90 г,Кондитерські вироби,65,68.0,115,0,0,0
2025-04-11,3,Шоколад чорний 90 г,Кондитерські вироби,54,68.0,61,0,0,0
2025-04-12,3,Шоколад чорний 90 г,Кондитерські вироби,55,68.0,6,0,0,0
2025-04-13,3,Шоколад чорний 90 г,Кондитерські вироби,6,68.0,0,0,0,0
2025-04-14,3,Шоколад чорний 90 г,Кондитерські вироби,66,61.2,247,1,0,0
2025-04-15,3,Шоколад чорний 90 г,Кондитерські вироби,62,61.2,185,1,0,0
2025-04-16,3,Шоколад чорний 90 г,Кондитерські вироби,42,68.0,143,0,0,0
2025-04-17,3,Шоколад чорний 90 г,Кондитерські вироби,43,68.0,100,0,0,0
2025-04-18,3,Шоколад чорний 90 г,Кондитерські вироби,53,68.0,47,0,0,0
2025-04-19,3,Шоколад чорний 90 г,Кондитерські вироби,47,68.0,0,0,0,0
2025-04-20,3,Шоколад чорний 90 г,Кондитерські вироби,0,68.0,0,0,1,1
2025-04-21,3,Шоколад чорний 90 г,Кондитерські вироби,55,68.0,271,0,0,0
2025-04-22,3,Шоколад чорний 90 г,Кондитерські вироби,48,68.0,223,0,0,1
2025-04-23,3,Шоколад чорний 90 г,Кондитерські вироби,51,68.0,172,0,0,0
2025-04-24,3,Шоколад чорний 90 г,Кондитерські вироби,65,68.0,107,0,0,0
2025-04-25,3,Шоколад чорний 90 г,Кондитерські вироби,62,61.2,45,1,0,0
2025-04-26,3,Шоколад чорний 90 г,Кондитерські вироби,45,68.0,0,0,0,0
2025-04-27,3,Шоколад чорний 90 г,Кондитерські вироби,0,61.2,0,1,0,0
2025-04-28,3,Шоколад чорний 90 г,Кондитерські вироби,38,68.0,390,0,0,0
2025-04-29,3,Шоколад чорний 90 г,Кондитерські вироби,43,68.0,347,0,0,0
2025-04-30,3,Шоколад чорний 90 г,Кондитерські вироби,49,68.0,298,0,0,0
2024-01-01,4,Пральний порошок 3 кг,Побутова хімія,40,256.5,361,1,1,0
2024-01-02,4,Пральний порошок 3 кг,Побутова хімія,25,285.0,336,0,0,0
2024-01-03,4,Пральний порошок 3 кг,Побутова хімія,24,285.0,312,0,0,0
2024-01-04,4,Пральний порошок 3 кг,Побутова хімія,28,285.0,284,0,0,0
2024-01-05,4,Пральний порошок 3 кг,Побутова хімія,31,285.0,253,0,0,0
2024-01-06,4,Пральний порошок 3 кг,Побутова хімія,27,285.0,226,0,0,0
2024-01-07,4,Пральний порошок 3 кг,Побутова хімія,26,285.0,200,0,0,0
2024-01-08,4,Пральний порошок 3 кг,Побутова хімія,23,285.0,351,0,0,0
2024-01-09,4,Пральний порошок 3 кг,Побутова хімія,29,285.0,322,0,0,0
2024-01-10,4,Пральний порошок 3 кг,Побутова хімія,35,256.5,287,1,0,0
2024-01-11,4,Пральний порошок 3 кг,Побутова хімія,23,285.0,264,0,0,0
2024-01-12,4,Пральний порошок 3 кг,Побутова хімія,23,285.0,241,0,0,0
2024-01-13,4,Пральний порошок 3 кг,Побутова хімія,35,256.5,206,1,0,0
2024-01-14,4,Пральний порошок 3 кг,Побутова хімія,29,285.0,177,0,0,0
2024-01-15,4,Пральний порошок 3 кг,Побутова хімія,31,285.0,331,0,0,0
2024-01-16,4,Пральний порошок 3 кг,Побутова хімія,27,285.0,304,0,0,0
2024-01-17,4,Пральний порошок 3 кг,Побутова хімія,25,285.0,279,0,0,0
2024-01-18,4,Пральний порошок 3 кг,Побутова хімія,30,256.5,249,1,0,1
2024-01-19,4,Пральний порошок 3 кг,Побутова хімія,23,285.0,226,0,0,0
2024-01-20,4,Пральний порошок 3 кг,Побутова хімія,29,285.0,197,0,0,0
2024-01-21,4,Пральний порошок 3 кг,Побутова хімія,32,285.0,165,0,0,0
2024-01-22,4,Пральний порошок 3 кг,Побутова хімія,19,285.0,323,0,0,0
2024-01-23,4,Пральний порошок 3 кг,Побутова хімія,28,285.0,295,0,0,0
2024-01-24,4,Пральний порошок 3 кг,Побутова хімія,26,285.0,269,0,0,0
2024-01-25,4,Пральний порошок 3 кг,Побутова хімія,30,256.5,239,1,0,0
2024-01-26,4,Пральний порошок 3 кг,Побутова хімія,19,285.0,220,0,0,1
2024-01-27,4,Пральний порошок 3 кг,Побутова хімія,34,256.5,186,1,0,0
2024-01-28,4,Пральний порошок 3 кг,Побутова хімія,30,285.0,156,0,0,0
2024-01-29,4,Пральний порошок 3 кг,Побутова хімія,25,285.0,280,0,0,0
2024-01-30,4,Пральний порошок 3 кг,Побутова хімія,23,285.0,257,0,0,0
2024-01-31,4,Пральний порошок 3 кг,Побутова хімія,27,285.0,230,0,0,0
2024-02-01,4,Пральний порошок 3 кг,Побутова хімія,21,285.0,209,0,0,1
2024-02-02,4,Пральний порошок 3 кг,Побутова хімія,20,285.0,189,0,0,0
2024-02-03,4,Пральний порошок 3 кг,Побутова хімія,24,285.0,165,0,0,0
2024-02-04,4,Пральний порошок 3 кг,Побутова хімія,31,285.0,134,0,0,0
2024-02-05,4,Пральний порошок 3 кг,Побутова хімія,21,285.0,272,0,0,0
2024-02-06,4,Пральний порошок 3 кг,Побутова хімія,28,256.5,244,1,0,0
2024-02-07,4,Пральний порошок 3 кг,Побутова хімія,22,285.0,222,0,0,0
2024-02-08,4,Пральний порошок 3 кг,Побутова хімія,29,285.0,193,0,0,0
2024-02-09,4,Пральний порошок 3 кг,Побутова хімія,24,285.0,169,0,0,0
2024-02-10,4,Пральний порошок 3 кг,Побутова хімія,28,285.0,141,0,0,0
2024-02-11,4,Пральний порошок 3 кг,Побутова хімія,28,285.0,113,0,0,0
2024-02-12,4,Пральний порошок 3 кг,Побутова хімія,23,285.0,245,0,0,0
2024-02-13,4,Пральний порошок 3 кг,Побутова хімія,20,285.0,225,0,0,0
2024-02-14,4,Пральний порошок 3 кг,Побутова хімія,22,285.0,203,0,0,0
2024-02-15,4,Пральний порошок 3 кг,Побутова хімія,24,285.0,179,0,0,0
2024-02-16,4,Пральний порошок 3 кг,Побутова хімія,23,285.0,156,0,0,0
2024-02-17,4,Пральний порошок 3 кг,Побутова хімія,25,285.0,131,0,0,0
2024-02-18,4,Пральний порошок 3 кг,Побутова хімія,22,285.0,109,0,0,0
2024-02-19,4,Пральний порошок 3 кг,Побутова хімія,25,285.0,238,0,0,0
2024-02-20,4,Пральний порошок 3 кг,Побутова хімія,25,285.0,213,0,0,0
2024-02-21,4,Пральний порошок 3 кг,Побутова хімія,19,285.0,194,0,0,2
2024-02-22,4,Пральний порошок 3 кг,Побутова хімія,21,285.0,173,0,0,0
2024-02-23,4,Пральний порошок 3 кг,Побутова хімія,21,285.0,152,0,0,0
2024-02-24,4,Пральний порошок 3 кг,Побутова хімія,20,285.0,132,0,0,0
2024-02-25,4,Пральний порошок 3 кг,Побутова хімія,30,285.0,102,0,0,0
2024-02-26,4,Пральний порошок 3 кг,Побутова хімія,22,285.0,255,0,0,0
2024-02-27,4,Пральний порошок 3 кг,Побутова хімія,25,285.0,230,0,0,1
2024-02-28,4,Пральний порошок 3 кг,Побутова хімія,23,285.0,207,0,0,0
2024-02-29,4,Пральний порошок 3 кг,Побутова хімія,22,285.0,185,0,0,0
2024-03-01,4,Пральний порошок 3 кг,Побутова хімія,22,285.0,163,0,0,0
2024-03-02,4,Пральний порошок 3 кг,Побутова хімія,28,285.0,135,0,0,0
2024-03-03,4,Пральний порошок 3 кг,Побутова хімія,28,285.0,107,0,0,0
2024-03-04,4,Пральний порошок 3 кг,Побутова хімія,21,285.0,217,0,0,1
2024-03-05,4,Пральний порошок 3 кг,Побутова хімія,24,285.0,193,0,0,0
2024-03-06,4,Пральний порошок 3 кг,Побутова хімія,29,285.0,164,0,0,0
2024-03-07,4,Пральний порошок 3 кг,Побутова хімія,19,285.0,145,0,0,0
2024-03-08,4,Пральний порошок 3 кг,Побутова хімія,26,285.0,119,0,1,1
2024-03-09,4,Пральний порошок 3 кг,Побутова хімія,27,285.0,92,0,0,0
2024-03-10,4,Пральний порошок 3 кг,Побутова хімія,25,285.0,67,0,0,0
2024-03-11,4,Пральний порошок 3 кг,Побутова хімія,24,285.0,170,0,0,0
2024-03-12,4,Пральний порошок 3 кг,Побутова хімія,26,285.0,144,0,0,0
2024-03-13,4,Пральний порошок 3 кг,Побутова хімія,25,285.0,119,0,0,0
2024-03-14,4,Пральний порошок 3 кг,Побутова хімія,26,285.0,93,0,0,0
2024-03-15,4,Пральний порошок 3 кг,Побутова хімія,21,285.0,72,0,0,0
2024-03-16,4,Пральний порошок 3 кг,Побутова хімія,28,285.0,44,0,0,1
2024-03-17,4,Пральний порошок 3 кг,Побутова хімія,23,285.0,21,0,0,0
2024-03-18,4,Пральний порошок 3 кг,Побутова хімія,28,256.5,161,1,0,0
2024-03-19,4,Пральний порошок 3 кг,Побутова хімія,24,256.5,137,1,0,1
2024-03-20,4,Пральний порошок 3 кг,Побутова хімія,30,256.5,107,1,0,0
2024-03-21,4,Пральний порошок 3 кг,Побутова хімія,23,285.0,84,0,0,0
2024-03-22,4,Пральний порошок 3 кг,Побутова хімія,24,285.0,60,0,0,0
2024-03-23,4,Пральний порошок 3 кг,Побутова хімія,26,285.0,34,0,0,0
2024-03-24,4,Пральний порошок 3 кг,Побутова хімія,28,285.0,6,0,0,0
2024-03-25,4,Пральний порошок 3 кг,Побутова хімія,20,285.0,167,0,0,0
2024-03-26,4,Пральний порошок 3 кг,Побутова хімія,23,285.0,144,0,0,0
2024-03-27,4,Пральний порошок 3 кг,Побутова хімія,21,256.5,123,1,0,2
2024-03-28,4,Пральний порошок 3 кг,Побутова хімія,23,285.0,100,0,0,0
2024-03-29,4,Пральний порошок 3 кг,Побутова хімія,24,285.0,76,0,0,0
2024-03-30,4,Пральний порошок 3 кг,Побутова хімія,24,285.0,52,0,0,1
2024-03-31,4,Пральний порошок 3 кг,Побутова хімія,29,285.0,23,0,0,0
2024-04-01,4,Пральний порошок 3 кг,Побутова хімія,27,285.0,128,0,0,0
2024-04-02,4,Пральний порошок 3 кг,Побутова хімія,23,285.0,105,0,0,0
2024-04-03,4,Пральний порошок 3 кг,Побутова хімія,22,285.0,83,0,0,0
2024-04-04,4,Пральний порошок 3 кг,Побутова хімія,25,285.0,58,0,0,1
2024-04-05,4,Пральний порошок 3 кг,Побутова хімія,22,256.5,36,1,0,1
2024-04-06,4,Пральний порошок 3 кг,Побутова хімія,28,285.0,8,0,0,0
2024-04-07,4,Пральний порошок 3 кг,Побутова хімія,8,285.0,0,0,0,0
2024-04-08,4,Пральний порошок 3 кг,Побутова хімія,26,285.0,100,0,0,0
2024-04-09,4,Пральний порошок 3 кг,Побутова хімія,24,285.0,76,0,0,0
2024-04-10,4,Пральний порошок 3 кг,Побутова хімія,17,285.0,59,0,0,0
2024-04-11,4,Пральний порошок 3 кг,Побутова хімія,27,285.0,32,0,0,0
2024-04-12,4,Пральний порошок 3 кг,Побутова хімія,32,256.5,0,1,0,0
2024-04-13,4,Пральний порошок 3 кг,Побутова хімія,0,256.5,0,1,0,0
2024-04-14,4,Пральний порошок 3 кг,Побутова хімія,0,285.0,0,0,0,0
2024-04-15,4,Пральний порошок 3 кг,Побутова хімія,24,285.0,141,0,0,0
2024-04-16,4,Пральний порошок 3 кг,Побутова хімія,22,285.0,119,0,0,2
2024-04-17,4,Пральний порошок 3 кг,Побутова хімія,24,285.0,95,0,0,0
2024-04-18,4,Пральний порошок 3 кг,Побутова хімія,27,256.5,68,1,0,0
2024-04-19,4,Пральний порошок 3 кг,Побутова хімія,24,256.5,44,1,0,0
2024-04-20,4,Пральний порошок 3 кг,Побутова хімія,29,285.0,15,0,0,0
2024-04-21,4,Пральний порошок 3 кг,Побутова хімія,15,285.0,0,0,0,0
2024-04-22,4,Пральний порошок 3 кг,Побутова хімія,22,285.0,116,0,0,0
2024-04-23,4,Пральний порошок 3 кг,Побутова хімія,25,256.5,91,1,0,0
2024-04-24,4,Пральний порошок 3 кг,Побутова хімія,19,285.0,72,0,0,0
2024-04-25,4,Пральний порошок 3 кг,Побутова хімія,23,285.0,49,0,0,0
2024-04-26,4,Пральний порошок 3 кг,Побутова хімія,23,285.0,26,0,0,0
2024-04-27,4,Пральний порошок 3 кг,Побутова хімія,26,285.0,0,0,0,0
2024-04-28,4,Пральний порошок 3 кг,Побутова хімія,0,285.0,0,0,0,0
2024-04-29,4,Пральний порошок 3 кг,Побутова хімія,24,285.0,157,0,0,0
2024-04-30,4,Пральний порошок 3 кг,Побутова хімія,31,256.5,126,1,0,0
2024-05-01,4,Пральний порошок 3 кг,Побутова хімія,30,285.0,96,0,1,0
2024-05-02,4,Пральний порошок 3 кг,Побутова хімія,23,285.0,73,0,0,0
2024-05-03,4,Пральний порошок 3 кг,Побутова хімія,17,285.0,56,0,0,0
2024-05-04,4,Пральний порошок 3 кг,Побутова хімія,27,285.0,29,0,0,0
2024-05-05,4,Пральний порошок 3 кг,Побутова хімія,29,285.0,0,0,0,0
2024-05-06,4,Пральний порошок 3 кг,Побутова хімія,27,285.0,146,0,0,0
2024-05-07,4,Пральний порошок 3 кг,Побутова хімія,21,285.0,125,0,0,0
2024-05-08,4,Пральний порошок 3 кг,Побутова хімія,27,256.5,98,1,0,0
2024-05-09,4,Пральний порошок 3 кг,Побутова хімія,20,285.0,78,0,0,1
2024-05-10,4,Пральний порошок 3 кг,Побутова хімія,24,285.0,54,0,0,0
2024-05-11,4,Пральний порошок 3 кг,Побутова хімія,26,285.0,28,0,0,0
2024-05-12,4,Пральний порошок 3 кг,Побутова хімія,28,256.5,0,1,0,0
2024-05-13,4,Пральний порошок 3 кг,Побутова хімія,18,285.0,116,0,0,0
2024-05-14,4,Пральний порошок 3 кг,Побутова хімія,18,285.0,98,0,0,0
2024-05-15,4,Пральний порошок 3 кг,Побутова хімія,24,285.0,74,0,0,0
2024-05-16,4,Пральний порошок 3 кг,Побутова хімія,22,285.0,52,0,0,0
2024-05-17,4,Пральний порошок 3 кг,Побутова хімія,20,285.0,32,0,0,0
2024-05-18,4,Пральний порошок 3 кг,Побутова хімія,25,285.0,7,0,0,0
2024-05-19,4,Пральний порошок 3 кг,Побутова хімія,7,285.0,0,0,0,0
2024-05-20,4,Пральний порошок 3 кг,Побутова хімія,26,285.0,147,0,0,0
2024-05-21,4,Пральний порошок 3 кг,Побутова хімія,22,285.0,125,0,0,0
2024-05-22,4,Пральний порошок 3 кг,Побутова хімія,21,285.0,104,0,0,0
2024-05-23,4,Пральний порошок 3 кг,Побутова хімія,26,256.5,78,1,0,0
2024-05-24,4,Пральний порошок 3 кг,Побутова хімія,20,285.0,58,0,0,0
2024-05-25,4,Пральний порошок 3 кг,Побутова хімія,19,285.0,39,0,0,0
2024-05-26,4,Пральний порошок 3 кг,Побутова хімія,25,285.0,14,0,0,1
2024-05-27,4,Пральний порошок 3 кг,Побутова хімія,27,285.0,152,0,0,0
2024-05-28,4,Пральний порошок 3 кг,Побутова хімія,20,285.0,132,0,0,1
2024-05-29,4,Пральний порошок 3 кг,Побутова хімія,22,285.0,110,0,0,1
2024-05-30,4,Пральний порошок 3 кг,Побутова хімія,20,285.0,90,0,0,0
2024-05-31,4,Пральний порошок 3 кг,Побутова хімія,20,285.0,70,0,0,0
2024-06-01,4,Пральний порошок 3 кг,Побутова хімія,23,285.0,47,0,0,0
2024-06-02,4,Пральний порошок 3 кг,Побутова хімія,24,285.0,23,0,0,0
2024-06-03,4,Пральний порошок 3 кг,Побутова хімія,19,285.0,137,0,0,0
2024-06-04,4,Пральний порошок 3 кг,Побутова хімія,21,256.5,116,1,0,0
2024-06-05,4,Пральний порошок 3 кг,Побутова хімія,20,285.0,96,0,0,0
2024-06-06,4,Пральний порошок 3 кг,Побутова хімія,24,285.0,72,0,0,0
2024-06-07,4,Пральний порошок 3 кг,Побутова хімія,21,285.0,51,0,0,0
2024-06-08,4,Пральний порошок 3 кг,Побутова хімія,17,285.0,34,0,0,1
2024-06-09,4,Пральний порошок 3 кг,Побутова хімія,25,285.0,9,0,0,0
2024-06-10,4,Пральний порошок 3 кг,Побутова хімія,19,285.0,130,0,0,0
2024-06-11,4,Пральний порошок 3 кг,Побутова хімія,21,285.0,109,0,0,0
2024-06-12,4,Пральний порошок 3 кг,Побутова хімія,19,285.0,90,0,0,0
2024-06-13,4,Пральний порошок 3 кг,Побутова хімія,22,285.0,68,0,0,0
2024-06-14,4,Пральний порошок 3 кг,Побутова хімія,23,285.0,45,0,0,0
2024-06-15,4,Пральний порошок 3 кг,Побутова хімія,17,285.0,28,0,0,1
2024-06-16,4,Пральний порошок 3 кг,Побутова хімія,26,285.0,2,0,0,0
2024-06-17,4,Пральний порошок 3 кг,Побутова хімія,20,285.0,107,0,0,1
2024-06-18,4,Пральний порошок 3 кг,Побутова хімія,16,285.0,91,0,0,0
2024-06-19,4,Пральний порошок 3 кг,Побутова хімія,30,256.5,61,1,0,0
2024-06-20,4,Пральний порошок 3 кг,Побутова хімія,17,285.0,44,0,0,0
2024-06-21,4,Пральний порошок 3 кг,Побутова хімія,19,285.0,25,0,0,0
2024-06-22,4,Пральний порошок 3 кг,Побутова хімія,25,285.0,0,0,0,0
2024-06-23,4,Пральний порошок 3 кг,Побутова хімія,0,285.0,0,0,0,0
2024-06-24,4,Пральний порошок 3 кг,Побутова хімія,16,285.0,106,0,0,0
2024-06-25,4,Пральний порошок 3 кг,Побутова хімія,18,285.0,88,0,0,0
2024-06-26,4,Пральний порошок 3 кг,Побутова хімія,24,285.0,64,0,0,0
2024-06-27,4,Пральний порошок 3 кг,Побутова хімія,20,285.0,44,0,0,0
2024-06-28,4,Пральний порошок 3 кг,Побутова хімія,19,285.0,25,0,0,0
2024-06-29,4,Пральний порошок 3 кг,Побутова хімія,20,285.0,5,0,0,0
2024-06-30,4,Пральний порошок 3 кг,Побутова хімія,5,285.0,0,0,0,0
2024-07-01,4,Пральний порошок 3 кг,Побутова хімія,23,285.0,146,0,0,0
2024-07-02,4,Пральний порошок 3 кг,Побутова хімія,22,285.0,124,0,0,0
2024-07-03,4,Пральний порошок 3 кг,Побутова хімія,20,285.0,104,0,0,1
2024-07-04,4,Пральний порошок 3 кг,Побутова хімія,20,285.0,84,0,0,0
2024-07-05,4,Пральний порошок 3 кг,Побутова хімія,24,285.0,60,0,0,0
2024-07-06,4,Пральний порошок 3 кг,Побутова хімія,24,285.0,36,0,0,0
2024-07-07,4,Пральний порошок 3 кг,Побутова хімія,22,285.0,14,0,0,0
2024-07-08,4,Пральний порошок 3 кг,Побутова хімія,18,285.0,158,0,0,0
2024-07-09,4,Пральний порошок 3 кг,Побутова хімія,19,285.0,139,0,0,0
2024-07-10,4,Пральний порошок 3 кг,Побутова хімія,19,285.0,120,0,0,0
2024-07-11,4,Пральний порошок 3 кг,Побутова хімія,36,256.5,84,1,0,0
2024-07-12,4,Пральний порошок 3 кг,Побутова хімія,14,285.0,70,0,0,0
2024-07-13,4,Пральний порошок 3 кг,Побутова хімія,25,285.0,45,0,0,0
2024-07-14,4,Пральний порошок 3 кг,Побутова хімія,24,285.0,21,0,0,0
2024-07-15,4,Пральний порошок 3 кг,Побутова хімія,23,285.0,183,0,0,0
2024-07-16,4,Пральний порошок 3 кг,Побутова хімія,16,285.0,167,0,0,0
2024-07-17,4,Пральний порошок 3 кг,Побутова хімія,21,285.0,146,0,0,0
2024-07-18,4,Пральний порошок 3 кг,Побутова хімія,26,256.5,120,1,0,0
2024-07-19,4,Пральний порошок 3 кг,Побутова хімія,22,256.5,98,1,0,1
2024-07-20,4,Пральний порошок 3 кг,Побутова хімія,33,256.5,65,1,0,0
2024-07-21,4,Пральний порошок 3 кг,Побутова хімія,23,285.0,42,0,0,0
2024-07-22,4,Пральний порошок 3 кг,Побутова хімія,20,285.0,148,0,0,1
2024-07-23,4,Пральний порошок 3 кг,Побутова хімія,27,256.5,121,1,0,0
2024-07-24,4,Пральний порошок 3 кг,Побутова хімія,22,285.0,99,0,0,0
2024-07-25,4,Пральний порошок 3 кг,Побутова хімія,21,285.0,78,0,0,0
2024-07-26,4,Пральний порошок 3 кг,Побутова хімія,23,285.0,55,0,0,0
2024-07-27,4,Пральний порошок 3 кг,Побутова хімія,23,285.0,32,0,0,0
2024-07-28,4,Пральний порошок 3 кг,Побутова хімія,25,285.0,7,0,0,0
2024-07-29,4,Пральний порошок 3 кг,Побутова хімія,32,256.5,122,1,0,0
2024-07-30,4,Пральний порошок 3 кг,Побутова хімія,21,285.0,101,0,0,0
2024-07-31,4,Пральний порошок 3 кг,Побутова хімія,20,285.0,81,0,0,0
2024-08-01,4,Пральний порошок 3 кг,Побутова хімія,25,256.5,56,1,0,0
2024-08-02,4,Пральний порошок 3 кг,Побутова хімія,15,285.0,41,0,0,0
2024-08-03,4,Пральний порошок 3 кг,Побутова хімія,25,285.0,16,0,0,0
2024-08-04,4,Пральний порошок 3 кг,Побутова хімія,16,285.0,0,0,0,0
2024-08-05,4,Пральний порошок 3 кг,Побутова хімія,19,285.0,130,0,0,0
2024-08-06,4,Пральний порошок 3 кг,Побутова хімія,22,256.5,108,1,0,0
2024-08-07,4,Пральний порошок 3 кг,Побутова хімія,18,285.0,90,0,0,2
2024-08-08,4,Пральний порошок 3 кг,Побутова хімія,18,285.0,72,0,0,0
2024-08-09,4,Пральний порошок 3 кг,Побутова хімія,16,285.0,56,0,0,0
2024-08-10,4,Пральний порошок 3 кг,Побутова хімія,18,285.0,38,0,0,0
2024-08-11,4,Пральний порошок 3 кг,Побутова хімія,25,285.0,13,0,0,0
2024-08-12,4,Пральний порошок 3 кг,Побутова хімія,19,285.0,149,0,0,0
2024-08-13,4,Пральний порошок 3 кг,Побутова хімія,19,285.0,130,0,0,0
2024-08-14,4,Пральний порошок 3 кг,Побутова хімія,20,285.0,110,0,0,0
2024-08-15,4,Пральний порошок 3 кг,Побутова хімія,19,285.0,91,0,0,0
2024-08-16,4,Пральний порошок 3 кг,Побутова хімія,21,285.0,70,0,0,0
2024-08-17,4,Пральний порошок 3 кг,Побутова хімія,30,256.5,40,1,0,0
2024-08-18,4,Пральний порошок 3 кг,Побутова хімія,24,285.0,16,0,0,0
2024-08-19,4,Пральний порошок 3 кг,Побутова хімія,19,285.0,160,0,0,0
2024-08-20,4,Пральний порошок 3 кг,Побутова хімія,23,256.5,137,1,0,0
2024-08-21,4,Пральний порошок 3 кг,Побутова хімія,18,285.0,119,0,0,0
2024-08-22,4,Пральний порошок 3 кг,Побутова хімія,19,285.0,100,0,0,0
2024-08-23,4,Пральний порошок 3 кг,Побутова хімія,25,285.0,75,0,0,0
2024-08-24,4,Пральний порошок 3 кг,Побутова хімія,35,285.0,40,0,1,0
2024-08-25,4,Пральний порошок 3 кг,Побутова хімія,26,256.5,14,1,0,0
2024-08-26,4,Пральний порошок 3 кг,Побутова хімія,19,285.0,171,0,0,0
2024-08-27,4,Пральний порошок 3 кг,Побутова хімія,24,285.0,147,0,0,0
2024-08-28,4,Пральний порошок 3 кг,Побутова хімія,21,285.0,126,0,0,0
2024-08-29,4,Пральний порошок 3 кг,Побутова хімія,20,285.0,106,0,0,0
2024-08-30,4,Пральний порошок 3 кг,Побутова хімія,18,285.0,88,0,0,0
2024-08-31,4,Пральний порошок 3 кг,Побутова хімія,18,285.0,70,0,0,0
2024-09-01,4,Пральний порошок 3 кг,Побутова хімія,25,285.0,45,0,0,0
2024-09-02,4,Пральний порошок 3 кг,Побутова хімія,24,285.0,188,0,0,0
2024-09-03,4,Пральний порошок 3 кг,Побутова хімія,21,285.0,167,0,0,0
2024-09-04,4,Пральний порошок 3 кг,Побутова хімія,26,285.0,141,0,0,0
2024-09-05,4,Пральний порошок 3 кг,Побутова хімія,23,285.0,118,0,0,0
2024-09-06,4,Пральний порошок 3 кг,Побутова хімія,30,256.5,88,1,0,0
2024-09-07,4,Пральний порошок 3 кг,Побутова хімія,28,285.0,60,0,0,0
2024-09-08,4,Пральний порошок 3 кг,Побутова хімія,28,285.0,32,0,0,0
2024-09-09,4,Пральний порошок 3 кг,Побутова хімія,19,285.0,166,0,0,0
2024-09-10,4,Пральний порошок 3 кг,Побутова хімія,21,285.0,145,0,0,0
2024-09-11,4,Пральний порошок 3 кг,Побутова хімія,26,285.0,119,0,0,0
2024-09-12,4,Пральний порошок 3 кг,Побутова хімія,24,285.0,95,0,0,0
2024-09-13,4,Пральний порошок 3 кг,Побутова хімія,23,285.0,72,0,0,0
2024-09-14,4,Пральний порошок 3 кг,Побутова хімія,27,285.0,45,0,0,0
2024-09-15,4,Пральний порошок 3 кг,Побутова хімія,34,256.5,11,1,0,1
2024-09-16,4,Пральний порошок 3 кг,Побутова хімія,25,285.0,134,0,0,1
2024-09-17,4,Пральний порошок 3 кг,Побутова хімія,30,256.5,104,1,0,0
2024-09-18,4,Пральний порошок 3 кг,Побутова хімія,24,285.0,80,0,0,0
2024-09-19,4,Пральний порошок 3 кг,Побутова хімія,22,285.0,58,0,0,0
2024-09-20,4,Пральний порошок 3 кг,Побутова хімія,19,285.0,39,0,0,0
2024-09-21,4,Пральний порошок 3 кг,Побутова хімія,28,285.0,11,0,0,0
2024-09-22,4,Пральний порошок 3 кг,Побутова хімія,11,285.0,0,0,0,0
2024-09-23,4,Пральний порошок 3 кг,Побутова хімія,26,285.0,153,0,0,0
2024-09-24,4,Пральний порошок 3 кг,Побутова хімія,22,285.0,131,0,0,0
2024-09-25,4,Пральний порошок 3 кг,Побутова хімія,19,285.0,112,0,0,0
2024-09-26,4,Пральний порошок 3 кг,Побутова хімія,20,285.0,92,0,0,1
2024-09-27,4,Пральний порошок 3 кг,Побутова хімія,21,285.0,71,0,0,0
2024-09-28,4,Пральний порошок 3 кг,Побутова хімія,22,285.0,49,0,0,0
2024-09-29,4,Пральний порошок 3 кг,Побутова хімія,21,285.0,28,0,0,1
2024-09-30,4,Пральний порошок 3 кг,Побутова хімія,24,285.0,186,0,0,0
2024-10-01,4,Пральний порошок 3 кг,Побутова хімія,24,285.0,162,0,0,0
2024-10-02,4,Пральний порошок 3 кг,Побутова хімія,19,285.0,143,0,0,0
2024-10-03,4,Пральний порошок 3 кг,Побутова хімія,23,285.0,120,0,0,1
2024-10-04,4,Пральний порошок 3 кг,Побутова хімія,22,285.0,98,0,0,0
2024-10-05,4,Пральний порошок 3 кг,Побутова хімія,22,285.0,76,0,0,2
2024-10-06,4,Пральний порошок 3 кг,Побутова хімія,23,285.0,53,0,0,0
2024-10-07,4,Пральний порошок 3 кг,Побутова хімія,19,285.0,174,0,0,0
2024-10-08,4,Пральний порошок 3 кг,Побутова хімія,21,285.0,153,0,0,0
2024-10-09,4,Пральний порошок 3 кг,Побутова хімія,20,285.0,133,0,0,0
2024-10-10,4,Пральний порошок 3 кг,Побутова хімія,19,285.0,114,0,0,1
2024-10-11,4,Пральний порошок 3 кг,Побутова хімія,18,285.0,96,0,0,2
2024-10-12,4,Пральний порошок 3 кг,Побутова хімія,23,285.0,73,0,0,2
2024-10-13,4,Пральний порошок 3 кг,Побутова хімія,35,256.5,38,1,0,0
2024-10-14,4,Пральний порошок 3 кг,Побутова хімія,27,285.0,140,0,0,0
2024-10-15,4,Пральний порошок 3 кг,Побутова хімія,23,285.0,117,0,0,0
2024-10-16,4,Пральний порошок 3 кг,Побутова хімія,24,285.0,93,0,0,0
2024-10-17,4,Пральний порошок 3 кг,Побутова хімія,22,285.0,71,0,0,0
2024-10-18,4,Пральний порошок 3 кг,Побутова хімія,21,285.0,50,0,0,0
2024-10-19,4,Пральний порошок 3 кг,Побутова хімія,23,285.0,27,0,0,0
2024-10-20,4,Пральний порошок 3 кг,Побутова хімія,19,285.0,8,0,0,2
2024-10-21,4,Пральний порошок 3 кг,Побутова хімія,22,285.0,146,0,0,0
2024-10-22,4,Пральний порошок 3 кг,Побутова хімія,29,285.0,117,0,0,0
2024-10-23,4,Пральний порошок 3 кг,Побутова хімія,32,256.5,85,1,0,0
2024-10-24,4,Пральний порошок 3 кг,Побутова хімія,21,285.0,64,0,0,0
2024-10-25,4,Пральний порошок 3 кг,Побутова хімія,26,256.5,38,1,0,0
2024-10-26,4,Пральний порошок 3 кг,Побутова хімія,27,285.0,11,0,0,0
2024-10-27,4,Пральний порошок 3 кг,Побутова хімія,11,285.0,0,0,0,0
2024-10-28,4,Пральний порошок 3 кг,Побутова хімія,20,285.0,126,0,0,0
2024-10-29,4,Пральний порошок 3 кг,Побутова хімія,32,256.5,94,1,0,0
2024-10-30,4,Пральний порошок 3 кг,Побутова хімія,18,285.0,76,0,0,0
2024-10-31,4,Пральний порошок 3 кг,Побутова хімія,21,285.0,55,0,0,0
2024-11-01,4,Пральний порошок 3 кг,Побутова хімія,25,285.0,30,0,0,0
2024-11-02,4,Пральний порошок 3 кг,Побутова хімія,29,285.0,1,0,0,0
2024-11-03,4,Пральний порошок 3 кг,Побутова хімія,1,285.0,0,0,0,0
2024-11-04,4,Пральний порошок 3 кг,Побутова хімія,24,285.0,143,0,0,1
2024-11-05,4,Пральний порошок 3 кг,Побутова хімія,23,285.0,120,0,0,0
2024-11-06,4,Пральний порошок 3 кг,Побутова хімія,28,256.5,92,1,0,0
2024-11-07,4,Пральний порошок 3 кг,Побутова хімія,26,285.0,66,0,0,1
2024-11-08,4,Пральний порошок 3 кг,Побутова хімія,27,285.0,39,0,0,0
2024-11-09,4,Пральний порошок 3 кг,Побутова хімія,28,285.0,11,0,0,0
2024-11-10,4,Пральний порошок 3 кг,Побутова хімія,11,285.0,0,0,0,0
2024-11-11,4,Пральний порошок 3 кг,Побутова хімія,23,285.0,140,0,0,0
2024-11-12,4,Пральний порошок 3 кг,Побутова хімія,24,285.0,116,0,0,1
2024-11-13,4,Пральний порошок 3 кг,Побутова хімія,28,285.0,88,0,0,0
2024-11-14,4,Пральний порошок 3 кг,Побутова хімія,18,285.0,70,0,0,1
2024-11-15,4,Пральний порошок 3 кг,Побутова хімія,24,285.0,46,0,0,0
2024-11-16,4,Пральний порошок 3 кг,Побутова хімія,28,285.0,18,0,0,0
2024-11-17,4,Пральний порошок 3 кг,Побутова хімія,18,285.0,0,0,0,0
2024-11-18,4,Пральний порошок 3 кг,Побутова хімія,20,285.0,120,0,0,0
2024-11-19,4,Пральний порошок 3 кг,Побутова хімія,28,285.0,92,0,0,0
2024-11-20,4,Пральний порошок 3 кг,Побутова хімія,29,285.0,63,0,0,0
2024-11-21,4,Пральний порошок 3 кг,Побутова хімія,28,285.0,35,0,0,0
2024-11-22,4,Пральний порошок 3 кг,Побутова хімія,28,285.0,7,0,0,0
2024-11-23,4,Пральний порошок 3 кг,Побутова хімія,7,285.0,0,0,0,0
2024-11-24,4,Пральний порошок 3 кг,Побутова хімія,0,285.0,0,0,0,1
2024-11-25,4,Пральний порошок 3 кг,Побутова хімія,28,285.0,103,0,0,0
2024-11-26,4,Пральний порошок 3 кг,Побутова хімія,34,256.5,69,1,0,0
2024-11-27,4,Пральний порошок 3 кг,Побутова хімія,22,285.0,47,0,0,0
2024-11-28,4,Пральний порошок 3 кг,Побутова хімія,26,285.0,21,0,0,1
2024-11-29,4,Пральний порошок 3 кг,Побутова хімія,21,285.0,0,0,0,0
2024-11-30,4,Пральний порошок 3 кг,Побутова хімія,0,256.5,0,1,0,0
2024-12-01,4,Пральний порошок 3 кг,Побутова хімія,0,285.0,0,0,0,0
2024-12-02,4,Пральний порошок 3 кг,Побутова хімія,36,256.5,137,1,0,0
2024-12-03,4,Пральний порошок 3 кг,Побутова хімія,31,256.5,106,1,0,0
2024-12-04,4,Пральний порошок 3 кг,Побутова хімія,32,256.5,74,1,0,1
2024-12-05,4,Пральний порошок 3 кг,Побутова хімія,30,256.5,44,1,0,0
2024-12-06,4,Пральний порошок 3 кг,Побутова хімія,26,285.0,18,0,0,0
2024-12-07,4,Пральний порошок 3 кг,Побутова хімія,18,285.0,0,0,0,0
2024-12-08,4,Пральний порошок 3 кг,Побутова хімія,0,285.0,0,0,0,0
2024-12-09,4,Пральний порошок 3 кг,Побутова хімія,22,285.0,151,0,0,0
2024-12-10,4,Пральний порошок 3 кг,Побутова хімія,30,256.5,121,1,0,0
2024-12-11,4,Пральний порошок 3 кг,Побутова хімія,23,285.0,98,0,0,0
2024-12-12,4,Пральний порошок 3 кг,Побутова хімія,26,285.0,72,0,0,0
2024-12-13,4,Пральний порошок 3 кг,Побутова хімія,30,256.5,42,1,0,0
2024-12-14,4,Пральний порошок 3 кг,Побутова хімія,30,285.0,12,0,0,0
2024-12-15,4,Пральний порошок 3 кг,Побутова хімія,12,256.5,0,1,0,0
2024-12-16,4,Пральний порошок 3 кг,Побутова хімія,20,285.0,105,0,0,0
2024-12-17,4,Пральний порошок 3 кг,Побутова хімія,25,285.0,80,0,0,0
2024-12-18,4,Пральний порошок 3 кг,Побутова хімія,29,285.0,51,0,0,0
2024-12-19,4,Пральний порошок 3 кг,Побутова хімія,28,285.0,23,0,0,0
2024-12-20,4,Пральний порошок 3 кг,Побутова хімія,19,285.0,4,0,0,2
2024-12-21,4,Пральний порошок 3 кг,Побутова хімія,4,285.0,0,0,0,0
2024-12-22,4,Пральний порошок 3 кг,Побутова хімія,0,285.0,0,0,0,0
2024-12-23,4,Пральний порошок 3 кг,Побутова хімія,24,285.0,98,0,0,0
2024-12-24,4,Пральний порошок 3 кг,Побутова хімія,38,256.5,60,1,0,0
2024-12-25,4,Пральний порошок 3 кг,Побутова хімія,28,285.0,32,0,1,0
2024-12-26,4,Пральний порошок 3 кг,Побутова хімія,17,285.0,15,0,0,2
2024-12-27,4,Пральний порошок 3 кг,Побутова хімія,15,285.0,0,0,0,0
2024-12-28,4,Пральний порошок 3 кг,Побутова хімія,0,285.0,0,0,0,0
2024-12-29,4,Пральний порошок 3 кг,Побутова хімія,0,285.0,0,0,0,0
2024-12-30,4,Пральний порошок 3 кг,Побутова хімія,28,285.0,107,0,0,0
2024-12-31,4,Пральний порошок 3 кг,Побутова хімія,34,285.0,73,0,1,0
2025-01-01,4,Пральний порошок 3 кг,Побутова хімія,31,285.0,42,0,1,0
2025-01-02,4,Пральний порошок 3 кг,Побутова хімія,29,285.0,13,0,0,0
2025-01-03,4,Пральний порошок 3 кг,Побутова хімія,13,285.0,0,0,0,0
2025-01-04,4,Пральний порошок 3 кг,Побутова хімія,0,285.0,0,0,0,0
2025-01-05,4,Пральний порошок 3 кг,Побутова хімія,0,285.0,0,0,0,1
2025-01-06,4,Пральний порошок 3 кг,Побутова хімія,30,256.5,105,1,0,0
2025-01-07,4,Пральний порошок 3 кг,Побутова хімія,26,285.0,79,0,0,0
2025-01-08,4,Пральний порошок 3 кг,Побутова хімія,25,285.0,54,0,0,0
2025-01-09,4,Пральний порошок 3 кг,Побутова хімія,26,285.0,28,0,0,0
2025-01-10,4,Пральний порошок 3 кг,Побутова хімія,25,285.0,3,0,0,0
2025-01-11,4,Пральний порошок 3 кг,Побутова хімія,3,285.0,0,0,0,0
2025-01-12,4,Пральний порошок 3 кг,Побутова хімія,0,256.5,0,1,0,0
2025-01-13,4,Пральний порошок 3 кг,Побутова хімія,18,285.0,114,0,0,1
2025-01-14,4,Пральний порошок 3 кг,Побутова хімія,27,285.0,87,0,0,0
2025-01-15,4,Пральний порошок 3 кг,Побутова хімія,29,285.0,58,0,0,0
2025-01-16,4,Пральний порошок 3 кг,Побутова хімія,29,285.0,29,0,0,0
2025-01-17,4,Пральний порошок 3 кг,Побутова хімія,26,285.0,3,0,0,0
2025-01-18,4,Пральний порошок 3 кг,Побутова хімія,3,285.0,0,0,0,1
2025-01-19,4,Пральний порошок 3 кг,Побутова хімія,0,285.0,0,0,0,0
2025-01-20,4,Пральний порошок 3 кг,Побутова хімія,38,256.5,89,1,0,0
2025-01-21,4,Пральний порошок 3 кг,Побутова хімія,21,285.0,68,0,0,0
2025-01-22,4,Пральний порошок 3 кг,Побутова хімія,36,256.5,32,1,0,0
2025-01-23,4,Пральний порошок 3 кг,Побутова хімія,20,285.0,12,0,0,0
2025-01-24,4,Пральний порошок 3 кг,Побутова хімія,12,285.0,0,0,0,0
2025-01-25,4,Пральний порошок 3 кг,Побутова хімія,0,285.0,0,0,0,0
2025-01-26,4,Пральний порошок 3 кг,Побутова хімія,0,285.0,0,0,0,0
2025-01-27,4,Пральний порошок 3 кг,Побутова хімія,26,285.0,150,0,0,0
2025-01-28,4,Пральний порошок 3 кг,Побутова хімія,22,285.0,128,0,0,1
2025-01-29,4,Пральний порошок 3 кг,Побутова хімія,27,285.0,101,0,0,0
2025-01-30,4,Пральний порошок 3 кг,Побутова хімія,23,285.0,78,0,0,0
2025-01-31,4,Пральний порошок 3 кг,Побутова хімія,23,285.0,55,0,0,0
2025-02-01,4,Пральний порошок 3 кг,Побутова хімія,25,285.0,30,0,0,0
2025-02-02,4,Пральний порошок 3 кг,Побутова хімія,23,285.0,7,0,0,0
2025-02-03,4,Пральний порошок 3 кг,Побутова хімія,24,285.0,147,0,0,0
2025-02-04,4,Пральний порошок 3 кг,Побутова хімія,23,285.0,124,0,0,0
2025-02-05,4,Пральний порошок 3 кг,Побутова хімія,25,285.0,99,0,0,0
2025-02-06,4,Пральний порошок 3 кг,Побутова хімія,19,285.0,80,0,0,2
2025-02-07,4,Пральний порошок 3 кг,Побутова хімія,19,285.0,61,0,0,0
2025-02-08,4,Пральний порошок 3 кг,Побутова хімія,20,285.0,41,0,0,0
2025-02-09,4,Пральний порошок 3 кг,Побутова хімія,29,285.0,12,0,0,0
2025-02-10,4,Пральний порошок 3 кг,Побутова хімія,22,285.0,120,0,0,0
2025-02-11,4,Пральний порошок 3 кг,Побутова хімія,20,285.0,100,0,0,0
2025-02-12,4,Пральний порошок 3 кг,Побутова хімія,25,285.0,75,0,0,0
2025-02-13,4,Пральний порошок 3 кг,Побутова хімія,21,285.0,54,0,0,0
2025-02-14,4,Пральний порошок 3 кг,Побутова хімія,27,285.0,27,0,0,0
2025-02-15,4,Пральний порошок 3 кг,Побутова хімія,27,256.5,0,1,0,0
2025-02-16,4,Пральний порошок 3 кг,Побутова хімія,0,285.0,0,0,0,0
2025-02-17,4,Пральний порошок 3 кг,Побутова хімія,19,285.0,146,0,0,0
2025-02-18,4,Пральний порошок 3 кг,Побутова хімія,19,285.0,127,0,0,0
2025-02-19,4,Пральний порошок 3 кг,Побутова хімія,20,285.0,107,0,0,1
2025-02-20,4,Пральний порошок 3 кг,Побутова хімія,22,285.0,85,0,0,0
2025-02-21,4,Пральний порошок 3 кг,Побутова хімія,23,285.0,62,0,0,0
2025-02-22,4,Пральний порошок 3 кг,Побутова хімія,21,285.0,41,0,0,0
2025-02-23,4,Пральний порошок 3 кг,Побутова хімія,38,256.5,3,1,0,0
2025-02-24,4,Пральний порошок 3 кг,Побутова хімія,21,285.0,143,0,0,0
2025-02-25,4,Пральний порошок 3 кг,Побутова хімія,19,285.0,124,0,0,1
2025-02-26,4,Пральний порошок 3 кг,Побутова хімія,20,285.0,104,0,0,0
2025-02-27,4,Пральний порошок 3 кг,Побутова хімія,25,285.0,79,0,0,0
2025-02-28,4,Пральний порошок 3 кг,Побутова хімія,19,285.0,60,0,0,0
2025-03-01,4,Пральний порошок 3 кг,Побутова хімія,21,285.0,39,0,0,1
2025-03-02,4,Пральний порошок 3 кг,Побутова хімія,31,285.0,8,0,0,0
2025-03-03,4,Пральний порошок 3 кг,Побутова хімія,23,285.0,148,0,0,0
2025-03-04,4,Пральний порошок 3 кг,Побутова хімія,18,285.0,130,0,0,0
2025-03-05,4,Пральний порошок 3 кг,Побутова хімія,18,285.0,112,0,0,0
2025-03-06,4,Пральний порошок 3 кг,Побутова хімія,19,285.0,93,0,0,0
2025-03-07,4,Пральний порошок 3 кг,Побутова хімія,25,285.0,68,0,0,0
2025-03-08,4,Пральний порошок 3 кг,Побутова хімія,40,285.0,28,0,1,0
2025-03-09,4,Пральний порошок 3 кг,Побутова хімія,28,285.0,0,0,0,0
2025-03-10,4,Пральний порошок 3 кг,Побутова хімія,21,285.0,154,0,0,0
2025-03-11,4,Пральний порошок 3 кг,Побутова хімія,16,285.0,138,0,0,0
2025-03-12,4,Пральний порошок 3 кг,Побутова хімія,21,285.0,117,0,0,0
2025-03-13,4,Пральний порошок 3 кг,Побутова хімія,34,256.5,83,1,0,0
2025-03-14,4,Пральний порошок 3 кг,Побутова хімія,28,285.0,55,0,0,0
2025-03-15,4,Пральний порошок 3 кг,Побутова хімія,35,256.5,20,1,0,0
2025-03-16,4,Пральний порошок 3 кг,Побутова хімія,20,285.0,0,0,0,0
2025-03-17,4,Пральний порошок 3 кг,Побутова хімія,31,256.5,117,1,0,0
2025-03-18,4,Пральний порошок 3 кг,Побутова хімія,30,256.5,87,1,0,0
2025-03-19,4,Пральний порошок 3 кг,Побутова хімія,21,285.0,66,0,0,0
2025-03-20,4,Пральний порошок 3 кг,Побутова хімія,26,285.0,40,0,0,1
2025-03-21,4,Пральний порошок 3 кг,Побутова хімія,22,285.0,18,0,0,0
2025-03-22,4,Пральний порошок 3 кг,Побутова хімія,18,285.0,0,0,0,0
2025-03-23,4,Пральний порошок 3 кг,Побутова хімія,0,285.0,0,0,0,0
2025-03-24,4,Пральний порошок 3 кг,Побутова хімія,20,285.0,112,0,0,0
2025-03-25,4,Пральний порошок 3 кг,Побутова хімія,19,285.0,93,0,0,0
2025-03-26,4,Пральний порошок 3 кг,Побутова хімія,21,285.0,72,0,0,0
2025-03-27,4,Пральний порошок 3 кг,Побутова хімія,20,285.0,52,0,0,0
2025-03-28,4,Пральний порошок 3 кг,Побутова хімія,33,285.0,19,0,0,0
2025-03-29,4,Пральний порошок 3 кг,Побутова хімія,19,285.0,0,0,0,1
2025-03-30,4,Пральний порошок 3 кг,Побутова хімія,0,256.5,0,1,0,0
2025-03-31,4,Пральний порошок 3 кг,Побутова хімія,21,285.0,113,0,0,0
2025-04-01,4,Пральний порошок 3 кг,Побутова хімія,21,285.0,92,0,0,0
2025-04-02,4,Пральний порошок 3 кг,Побутова хімія,21,285.0,71,0,0,0
2025-04-03,4,Пральний порошок 3 кг,Побутова хімія,31,256.5,40,1,0,0
2025-04-04,4,Пральний порошок 3 кг,Побутова хімія,25,285.0,15,0,0,0
2025-04-05,4,Пральний порошок 3 кг,Побутова хімія,15,285.0,0,0,0,0
2025-04-06,4,Пральний порошок 3 кг,Побутова хімія,0,256.5,0,1,0,0
2025-04-07,4,Пральний порошок 3 кг,Побутова хімія,31,256.5,110,1,0,0
2025-04-08,4,Пральний порошок 3 кг,Побутова хімія,21,285.0,89,0,0,1
2025-04-09,4,Пральний порошок 3 кг,Побутова хімія,19,285.0,70,0,0,0
2025-04-10,4,Пральний порошок 3 кг,Побутова хімія,22,285.0,48,0,0,0
2025-04-11,4,Пральний порошок 3 кг,Побутова хімія,32,256.5,16,1,0,1
2025-04-12,4,Пральний порошок 3 кг,Побутова хімія,16,285.0,0,0,0,0
2025-04-13,4,Пральний порошок 3 кг,Побутова хімія,0,285.0,0,0,0,0
2025-04-14,4,Пральний порошок 3 кг,Побутова хімія,17,285.0,147,0,0,0
2025-04-15,4,Пральний порошок 3 кг,Побутова хімія,29,285.0,118,0,0,0
2025-04-16,4,Пральний порошок 3 кг,Побутова хімія,15,285.0,103,0,0,0
2025-04-17,4,Пральний порошок 3 кг,Побутова хімія,26,285.0,77,0,0,0
2025-04-18,4,Пральний порошок 3 кг,Побутова хімія,22,285.0,55,0,0,0
2025-04-19,4,Пральний порошок 3 кг,Побутова хімія,21,285.0,34,0,0,0
2025-04-20,4,Пральний порошок 3 кг,Побутова хімія,30,285.0,4,0,1,0
2025-04-21,4,Пральний порошок 3 кг,Побутова хімія,21,285.0,105,0,0,0
2025-04-22,4,Пральний порошок 3 кг,Побутова хімія,25,285.0,80,0,0,0
2025-04-23,4,Пральний порошок 3 кг,Побутова хімія,20,285.0,60,0,0,0
2025-04-24,4,Пральний порошок 3 кг,Побутова хімія,29,256.5,31,1,0,0
2025-04-25,4,Пральний порошок 3 кг,Побутова хімія,20,285.0,11,0,0,0
2025-04-26,4,Пральний порошок 3 кг,Побутова хімія,11,285.0,0,0,0,1
2025-04-27,4,Пральний порошок 3 кг,Побутова хімія,0,285.0,0,0,0,0
2025-04-28,4,Пральний порошок 3 кг,Побутова хімія,24,285.0,150,0,0,0
2025-04-29,4,Пральний порошок 3 кг,Побутова хімія,23,285.0,127,0,0,0
2025-04-30,4,Пральний порошок 3 кг,Побутова хімія,21,285.0,106,0,0,0
2024-01-01,5,Яблука українські 1 кг,Фрукти,92,38.0,878,0,1,0
2024-01-02,5,Яблука українські 1 кг,Фрукти,78,38.0,800,0,0,0
2024-01-03,5,Яблука українські 1 кг,Фрукти,65,38.0,735,0,0,0
2024-01-04,5,Яблука українські 1 кг,Фрукти,72,38.0,663,0,0,0
2024-01-05,5,Яблука українські 1 кг,Фрукти,71,38.0,592,0,0,0
2024-01-06,5,Яблука українські 1 кг,Фрукти,101,38.0,491,0,0,0
2024-01-07,5,Яблука українські 1 кг,Фрукти,84,38.0,407,0,0,0
2024-01-08,5,Яблука українські 1 кг,Фрукти,65,38.0,799,0,0,0
2024-01-09,5,Яблука українські 1 кг,Фрукти,98,34.2,701,1,0,0
2024-01-10,5,Яблука українські 1 кг,Фрукти,77,38.0,624,0,0,0
2024-01-11,5,Яблука українські 1 кг,Фрукти,81,38.0,543,0,0,0
2024-01-12,5,Яблука українські 1 кг,Фрукти,62,38.0,481,0,0,0
2024-01-13,5,Яблука українські 1 кг,Фрукти,94,38.0,387,0,0,0
2024-01-14,5,Яблука українські 1 кг,Фрукти,86,38.0,301,0,0,0
2024-01-15,5,Яблука українські 1 кг,Фрукти,82,38.0,612,0,0,0
2024-01-16,5,Яблука українські 1 кг,Фрукти,85,38.0,527,0,0,0
2024-01-17,5,Яблука українські 1 кг,Фрукти,62,38.0,465,0,0,0
2024-01-18,5,Яблука українські 1 кг,Фрукти,58,38.0,407,0,0,0
2024-01-19,5,Яблука українські 1 кг,Фрукти,75,38.0,332,0,0,0
2024-01-20,5,Яблука українські 1 кг,Фрукти,82,38.0,250,0,0,0
2024-01-21,5,Яблука українські 1 кг,Фрукти,80,38.0,170,0,0,0
2024-01-22,5,Яблука українські 1 кг,Фрукти,74,38.0,479,0,0,0
2024-01-23,5,Яблука українські 1 кг,Фрукти,98,34.2,381,1,0,0
2024-01-24,5,Яблука українські 1 кг,Фрукти,85,34.2,296,1,0,0
2024-01-25,5,Яблука українські 1 кг,Фрукти,79,38.0,217,0,0,0
2024-01-26,5,Яблука українські 1 кг,Фрукти,61,38.0,156,0,0,0
2024-01-27,5,Яблука українські 1 кг,Фрукти,67,38.0,89,0,0,0
2024-01-28,5,Яблука українські 1 кг,Фрукти,80,38.0,9,0,0,0
2024-01-29,5,Яблука українські 1 кг,Фрукти,70,38.0,440,0,0,0
2024-01-30,5,Яблука українські 1 кг,Фрукти,86,38.0,354,0,0,0
2024-01-31,5,Яблука українські 1 кг,Фрукти,95,38.0,259,0,0,0
2024-02-01,5,Яблука українські 1 кг,Фрукти,63,38.0,196,0,0,0
2024-02-02,5,Яблука українські 1 кг,Фрукти,85,38.0,111,0,0,0
2024-02-03,5,Яблука українські 1 кг,Фрукти,81,38.0,30,0,0,0
2024-02-04,5,Яблука українські 1 кг,Фрукти,30,38.0,0,0,0,0
2024-02-05,5,Яблука українські 1 кг,Фрукти,68,38.0,295,0,0,1
2024-02-06,5,Яблука українські 1 кг,Фрукти,72,38.0,223,0,0,1
2024-02-07,5,Яблука українські 1 кг,Фрукти,65,38.0,158,0,0,0
2024-02-08,5,Яблука українські 1 кг,Фрукти,69,38.0,89,0,0,0
2024-02-09,5,Яблука українські 1 кг,Фрукти,67,38.0,22,0,0,0
2024-02-10,5,Яблука українські 1 кг,Фрукти,22,38.0,0,0,0,1
2024-02-11,5,Яблука українські 1 кг,Фрукти,0,38.0,0,0,0,0
2024-02-12,5,Яблука українські 1 кг,Фрукти,63,38.0,431,0,0,0
2024-02-13,5,Яблука українські 1 кг,Фрукти,89,34.2,342,1,0,0
2024-02-14,5,Яблука українські 1 кг,Фрукти,54,38.0,288,0,0,1
2024-02-15,5,Яблука українські 1 кг,Фрукти,68,38.0,220,0,0,0
2024-02-16,5,Яблука українські 1 кг,Фрукти,61,38.0,159,0,0,0
2024-02-17,5,Яблука українські 1 кг,Фрукти,74,38.0,85,0,0,0
2024-02-18,5,Яблука українські 1 кг,Фрукти,72,38.0,13,0,0,0
2024-02-19,5,Яблука українські 1 кг,Фрукти,50,38.0,329,0,0,0
2024-02-20,5,Яблука українські 1 кг,Фрукти,73,38.0,256,0,0,0
2024-02-21,5,Яблука українські 1 кг,Фрукти,65,38.0,191,0,0,0
2024-02-22,5,Яблука українські 1 кг,Фрукти,73,38.0,118,0,0,0
2024-02-23,5,Яблука українські 1 кг,Фрукти,56,38.0,62,0,0,0
2024-02-24,5,Яблука українські 1 кг,Фрукти,62,38.0,0,0,0,0
2024-02-25,5,Яблука українські 1 кг,Фрукти,0,38.0,0,0,0,0
2024-02-26,5,Яблука українські 1 кг,Фрукти,79,38.0,354,0,0,0
2024-02-27,5,Яблука українські 1 кг,Фрукти,58,38.0,296,0,0,0
2024-02-28,5,Яблука українські 1 кг,Фрукти,70,38.0,226,0,0,0
2024-02-29,5,Яблука українські 1 кг,Фрукти,68,38.0,158,0,0,0
2024-03-01,5,Яблука українські 1 кг,Фрукти,48,38.0,110,0,0,0
2024-03-02,5,Яблука українські 1 кг,Фрукти,71,38.0,39,0,0,0
2024-03-03,5,Яблука українські 1 кг,Фрукти,39,38.0,0,0,0,0
2024-03-04,5,Яблука українські 1 кг,Фрукти,78,34.2,381,1,0,0
2024-03-05,5,Яблука українські 1 кг,Фрукти,58,38.0,323,0,0,0
2024-03-06,5,Яблука українські 1 кг,Фрукти,62,38.0,261,0,0,0
2024-03-07,5,Яблука українські 1 кг,Фрукти,76,34.2,185,1,0,0
2024-03-08,5,Яблука українські 1 кг,Фрукти,81,38.0,104,0,1,0
2024-03-09,5,Яблука українські 1 кг,Фрукти,87,34.2,17,1,0,0
2024-03-10,5,Яблука українські 1 кг,Фрукти,17,34.2,0,1,0,0
2024-03-11,5,Яблука українські 1 кг,Фрукти,64,38.0,288,0,0,0
2024-03-12,5,Яблука українські 1 кг,Фрукти,63,38.0,225,0,0,0
2024-03-13,5,Яблука українські 1 кг,Фрукти,63,38.0,162,0,0,0
2024-03-14,5,Яблука українські 1 кг,Фрукти,52,38.0,110,0,0,0
2024-03-15,5,Яблука українські 1 кг,Фрукти,55,38.0,55,0,0,0
2024-03-16,5,Яблука українські 1 кг,Фрукти,55,38.0,0,0,0,0
2024-03-17,5,Яблука українські 1 кг,Фрукти,0,38.0,0,0,0,0
2024-03-18,5,Яблука українські 1 кг,Фрукти,44,38.0,393,0,0,0
2024-03-19,5,Яблука українські 1 кг,Фрукти,56,38.0,337,0,0,0
2024-03-20,5,Яблука українські 1 кг,Фрукти,61,38.0,276,0,0,1
2024-03-21,5,Яблука українські 1 кг,Фрукти,65,38.0,211,0,0,0
2024-03-22,5,Яблука українські 1 кг,Фрукти,74,38.0,137,0,0,0
2024-03-23,5,Яблука українські 1 кг,Фрукти,73,38.0,64,0,0,0
2024-03-24,5,Яблука українські 1 кг,Фрукти,64,34.2,0,1,0,0
2024-03-25,5,Яблука українські 1 кг,Фрукти,68,38.0,374,0,0,1
2024-03-26,5,Яблука українські 1 кг,Фрукти,67,38.0,307,0,0,0
2024-03-27,5,Яблука українські 1 кг,Фрукти,69,38.0,238,0,0,0
2024-03-28,5,Яблука українські 1 кг,Фрукти,51,38.0,187,0,0,0
2024-03-29,5,Яблука українські 1 кг,Фрукти,60,38.0,127,0,0,0
2024-03-30,5,Яблука українські 1 кг,Фрукти,74,38.0,53,0,0,0
2024-03-31,5,Яблука українські 1 кг,Фрукти,53,38.0,0,0,0,0
2024-04-01,5,Яблука українські 1 кг,Фрукти,54,38.0,343,0,0,0
2024-04-02,5,Яблука українські 1 кг,Фрукти,82,34.2,261,1,0,0
2024-04-03,5,Яблука українські 1 кг,Фрукти,67,38.0,194,0,0,0
2024-04-04,5,Яблука українські 1 кг,Фрукти,67,38.0,127,0,0,0
2024-04-05,5,Яблука українські 1 кг,Фрукти,54,38.0,73,0,0,0
2024-04-06,5,Яблука українські 1 кг,Фрукти,73,38.0,0,0,0,0
2024-04-07,5,Яблука українські 1 кг,Фрукти,0,38.0,0,0,0,0
2024-04-08,5,Яблука українські 1 кг,Фрукти,65,38.0,318,0,0,0
2024-04-09,5,Яблука українські 1 кг,Фрукти,64,38.0,254,0,0,0
2024-04-10,5,Яблука українські 1 кг,Фрукти,58,38.0,196,0,0,0
2024-04-11,5,Яблука українські 1 кг,Фрукти,77,34.2,119,1,0,0
2024-04-12,5,Яблука українські 1 кг,Фрукти,58,38.0,61,0,0,0
2024-04-13,5,Яблука українські 1 кг,Фрукти,61,38.0,0,0,0,0
2024-04-14,5,Яблука українські 1 кг,Фрукти,0,38.0,0,0,0,0
2024-04-15,5,Яблука українські 1 кг,Фрукти,67,38.0,453,0,0,0
2024-04-16,5,Яблука українські 1 кг,Фрукти,53,38.0,400,0,0,0
2024-04-17,5,Яблука українські 1 кг,Фрукти,83,34.2,317,1,0,1
2024-04-18,5,Яблука українські 1 кг,Фрукти,73,34.2,244,1,0,0
2024-04-19,5,Яблука українські 1 кг,Фрукти,73,38.0,171,0,0,0
2024-04-20,5,Яблука українські 1 кг,Фрукти,74,38.0,97,0,0,0
2024-04-21,5,Яблука українські 1 кг,Фрукти,97,34.2,0,1,0,0
2024-04-22,5,Яблука українські 1 кг,Фрукти,45,38.0,440,0,0,0
2024-04-23,5,Яблука українські 1 кг,Фрукти,55,38.0,385,0,0,0
2024-04-24,5,Яблука українські 1 кг,Фрукти,59,38.0,326,0,0,0
2024-04-25,5,Яблука українські 1 кг,Фрукти,69,38.0,257,0,0,0
2024-04-26,5,Яблука українські 1 кг,Фрукти,67,38.0,190,0,0,0
2024-04-27,5,Яблука українські 1 кг,Фрукти,70,38.0,120,0,0,0
2024-04-28,5,Яблука українські 1 кг,Фрукти,63,38.0,57,0,0,1
2024-04-29,5,Яблука українські 1 кг,Фрукти,56,38.0,522,0,0,0
2024-04-30,5,Яблука українські 1 кг,Фрукти,59,38.0,463,0,0,0
2024-05-01,5,Яблука українські 1 кг,Фрукти,82,38.0,381,0,1,0
2024-05-02,5,Яблука українські 1 кг,Фрукти,55,38.0,326,0,0,0
2024-05-03,5,Яблука українські 1 кг,Фрукти,44,38.0,282,0,0,0
2024-05-04,5,Яблука українські 1 кг,Фрукти,80,38.0,202,0,0,1
2024-05-05,5,Яблука українські 1 кг,Фрукти,68,38.0,134,0,0,0
2024-05-06,5,Яблука українські 1 кг,Фрукти,59,38.0,447,0,0,0
2024-05-07,5,Яблука українські 1 кг,Фрукти,72,34.2,375,1,0,0
2024-05-08,5,Яблука українські 1 кг,Фрукти,77,34.2,298,1,0,0
2024-05-09,5,Яблука українські 1 кг,Фрукти,55,38.0,243,0,0,0
2024-05-10,5,Яблука українські 1 кг,Фрукти,56,38.0,187,0,0,0
2024-05-11,5,Яблука українські 1 кг,Фрукти,76,38.0,111,0,0,0
2024-05-12,5,Яблука українські 1 кг,Фрукти,74,38.0,37,0,0,0
2024-05-13,5,Яблука українські 1 кг,Фрукти,65,38.0,402,0,0,0
2024-05-14,5,Яблука українські 1 кг,Фрукти,53,38.0,349,0,0,0
2024-05-15,5,Яблука українські 1 кг,Фрукти,75,38.0,274,0,0,0
2024-05-16,5,Яблука українські 1 кг,Фрукти,83,34.2,191,1,0,0
2024-05-17,5,Яблука українські 1 кг,Фрукти,68,38.0,123,0,0,1
2024-05-18,5,Яблука українські 1 кг,Фрукти,54,38.0,69,0,0,1
2024-05-19,5,Яблука українські 1 кг,Фрукти,69,38.0,0,0,0,0
2024-05-20,5,Яблука українські 1 кг,Фрукти,54,38.0,417,0,0,0
2024-05-21,5,Яблука українські 1 кг,Фрукти,64,38.0,353,0,0,0
2024-05-22,5,Яблука українські 1 кг,Фрукти,76,38.0,277,0,0,0
2024-05-23,5,Яблука українські 1 кг,Фрукти,70,38.0,207,0,0,0
2024-05-24,5,Яблука українські 1 кг,Фрукти,57,38.0,150,0,0,0
2024-05-25,5,Яблука українські 1 кг,Фрукти,74,38.0,76,0,0,0
2024-05-26,5,Яблука українські 1 кг,Фрукти,68,38.0,8,0,0,0
2024-05-27,5,Яблука українські 1 кг,Фрукти,52,38.0,333,0,0,0
2024-05-28,5,Яблука українські 1 кг,Фрукти,71,38.0,262,0,0,0
2024-05-29,5,Яблука українські 1 кг,Фрукти,55,38.0,207,0,0,0
2024-05-30,5,Яблука українські 1 кг,Фрукти,79,38.0,128,0,0,0
2024-05-31,5,Яблука українські 1 кг,Фрукти,64,38.0,64,0,0,0
2024-06-01,5,Яблука українські 1 кг,Фрукти,54,38.0,10,0,0,1
2024-06-02,5,Яблука українські 1 кг,Фрукти,10,38.0,0,0,0,0
2024-06-03,5,Яблука українські 1 кг,Фрукти,63,38.0,311,0,0,0
2024-06-04,5,Яблука українські 1 кг,Фрукти,44,38.0,267,0,0,0
2024-06-05,5,Яблука українські 1 кг,Фрукти,53,38.0,214,0,0,0
2024-06-06,5,Яблука українські 1 кг,Фрукти,64,38.0,150,0,0,0
2024-06-07,5,Яблука українські 1 кг,Фрукти,72,38.0,78,0,0,0
2024-06-08,5,Яблука українські 1 кг,Фрукти,71,38.0,7,0,0,0
2024-06-09,5,Яблука українські 1 кг,Фрукти,7,38.0,0,0,0,0
2024-06-10,5,Яблука українські 1 кг,Фрукти,48,38.0,481,0,0,0
2024-06-11,5,Яблука українські 1 кг,Фрукти,62,38.0,419,0,0,0
2024-06-12,5,Яблука українські 1 кг,Фрукти,70,34.2,349,1,0,0
2024-06-13,5,Яблука українські 1 кг,Фрукти,57,38.0,292,0,0,0
2024-06-14,5,Яблука українські 1 кг,Фрукти,45,38.0,247,0,0,0
2024-06-15,5,Яблука українські 1 кг,Фрукти,57,38.0,190,0,0,0
2024-06-16,5,Яблука українські 1 кг,Фрукти,69,38.0,121,0,0,0
2024-06-17,5,Яблука українські 1 кг,Фрукти,57,38.0,596,0,0,0
2024-06-18,5,Яблука українські 1 кг,Фрукти,54,38.0,542,0,0,0
2024-06-19,5,Яблука українські 1 кг,Фрукти,64,38.0,478,0,0,0
2024-06-20,5,Яблука українські 1 кг,Фрукти,56,38.0,422,0,0,0
2024-06-21,5,Яблука українські 1 кг,Фрукти,52,38.0,370,0,0,0
2024-06-22,5,Яблука українські 1 кг,Фрукти,55,38.0,315,0,0,0
2024-06-23,5,Яблука українські 1 кг,Фрукти,71,38.0,244,0,0,0
2024-06-24,5,Яблука українські 1 кг,Фрукти,59,38.0,641,0,0,0
2024-06-25,5,Яблука українські 1 кг,Фрукти,70,38.0,571,0,0,0
2024-06-26,5,Яблука українські 1 кг,Фрукти,62,38.0,509,0,0,0
2024-06-27,5,Яблука українські 1 кг,Фрукти,53,38.0,456,0,0,0
2024-06-28,5,Яблука українські 1 кг,Фрукти,55,38.0,401,0,0,0
2024-06-29,5,Яблука українські 1 кг,Фрукти,55,38.0,346,0,0,0
2024-06-30,5,Яблука українські 1 кг,Фрукти,60,38.0,286,0,0,0
2024-07-01,5,Яблука українські 1 кг,Фрукти,55,38.0,658,0,0,0
2024-07-02,5,Яблука українські 1 кг,Фрукти,54,38.0,604,0,0,0
2024-07-03,5,Яблука українські 1 кг,Фрукти,70,38.0,534,0,0,0
2024-07-04,5,Яблука українські 1 кг,Фрукти,83,34.2,451,1,0,0
2024-07-05,5,Яблука українські 1 кг,Фрукти,64,38.0,387,0,0,0
2024-07-06,5,Яблука українські 1 кг,Фрукти,66,38.0,321,0,0,0
2024-07-07,5,Яблука українські 1 кг,Фрукти,59,38.0,262,0,0,0
2024-07-08,5,Яблука українські 1 кг,Фрукти,46,38.0,582,0,0,0
2024-07-09,5,Яблука українські 1 кг,Фрукти,67,38.0,515,0,0,0
2024-07-10,5,Яблука українські 1 кг,Фрукти,62,38.0,453,0,0,0
2024-07-11,5,Яблука українські 1 кг,Фрукти,64,38.0,389,0,0,0
2024-07-12,5,Яблука українські 1 кг,Фрукти,60,38.0,329,0,0,0
2024-07-13,5,Яблука українські 1 кг,Фрукти,71,38.0,258,0,0,0
2024-07-14,5,Яблука українські 1 кг,Фрукти,108,34.2,150,1,0,0
2024-07-15,5,Яблука українські 1 кг,Фрукти,69,38.0,543,0,0,0
2024-07-16,5,Яблука українські 1 кг,Фрукти,47,38.0,496,0,0,0
2024-07-17,5,Яблука українські 1 кг,Фрукти,67,38.0,429,0,0,0
2024-07-18,5,Яблука українські 1 кг,Фрукти,57,38.0,372,0,0,0
2024-07-19,5,Яблука українські 1 кг,Фрукти,51,38.0,321,0,0,0
2024-07-20,5,Яблука українські 1 кг,Фрукти,74,38.0,247,0,0,1
2024-07-21,5,Яблука українські 1 кг,Фрукти,72,38.0,175,0,0,0
2024-07-22,5,Яблука українські 1 кг,Фрукти,57,38.0,625,0,0,0
2024-07-23,5,Яблука українські 1 кг,Фрукти,47,38.0,578,0,0,0
2024-07-24,5,Яблука українські 1 кг,Фрукти,61,38.0,517,0,0,0
2024-07-25,5,Яблука українські 1 кг,Фрукти,56,38.0,461,0,0,0
2024-07-26,5,Яблука українські 1 кг,Фрукти,62,38.0,399,0,0,0
2024-07-27,5,Яблука українські 1 кг,Фрукти,83,38.0,316,0,0,0
2024-07-28,5,Яблука українські 1 кг,Фрукти,65,38.0,251,0,0,0
2024-07-29,5,Яблука українські 1 кг,Фрукти,62,38.0,696,0,0,1
2024-07-30,5,Яблука українські 1 кг,Фрукти,82,34.2,614,1,0,0
2024-07-31,5,Яблука українські 1 кг,Фрукти,50,38.0,564,0,0,0
2024-08-01,5,Яблука українські 1 кг,Фрукти,69,38.0,495,0,0,0
2024-08-02,5,Яблука українські 1 кг,Фрукти,57,38.0,438,0,0,0
2024-08-03,5,Яблука українські 1 кг,Фрукти,76,38.0,362,0,0,0
2024-08-04,5,Яблука українські 1 кг,Фрукти,52,38.0,310,0,0,0
2024-08-05,5,Яблука українські 1 кг,Фрукти,50,38.0,727,0,0,0
2024-08-06,5,Яблука українські 1 кг,Фрукти,46,38.0,681,0,0,0
2024-08-07,5,Яблука українські 1 кг,Фрукти,64,38.0,617,0,0,1
2024-08-08,5,Яблука українські 1 кг,Фрукти,59,38.0,558,0,0,0
2024-08-09,5,Яблука українські 1 кг,Фрукти,66,38.0,492,0,0,0
2024-08-10,5,Яблука українські 1 кг,Фрукти,64,38.0,428,0,0,0
2024-08-11,5,Яблука українські 1 кг,Фрукти,78,38.0,350,0,0,0
2024-08-12,5,Яблука українські 1 кг,Фрукти,88,34.2,667,1,0,0
2024-08-13,5,Яблука українські 1 кг,Фрукти,56,38.0,611,0,0,0
2024-08-14,5,Яблука українські 1 кг,Фрукти,62,34.2,549,1,0,0
2024-08-15,5,Яблука українські 1 кг,Фрукти,63,38.0,486,0,0,0
2024-08-16,5,Яблука українські 1 кг,Фрукти,49,38.0,437,0,0,0
2024-08-17,5,Яблука українські 1 кг,Фрукти,63,38.0,374,0,0,0
2024-08-18,5,Яблука українські 1 кг,Фрукти,57,38.0,317,0,0,0
2024-08-19,5,Яблука українські 1 кг,Фрукти,89,34.2,716,1,0,0
2024-08-20,5,Яблука українські 1 кг,Фрукти,55,38.0,661,0,0,0
2024-08-21,5,Яблука українські 1 кг,Фрукти,69,38.0,592,0,0,0
2024-08-22,5,Яблука українські 1 кг,Фрукти,56,38.0,536,0,0,0
2024-08-23,5,Яблука українські 1 кг,Фрукти,55,38.0,481,0,0,0
2024-08-24,5,Яблука українські 1 кг,Фрукти,78,38.0,403,0,1,0
2024-08-25,5,Яблука українські 1 кг,Фрукти,53,38.0,350,0,0,3
2024-08-26,5,Яблука українські 1 кг,Фрукти,81,34.2,722,1,0,0
2024-08-27,5,Яблука українські 1 кг,Фрукти,83,34.2,639,1,0,0
2024-08-28,5,Яблука українські 1 кг,Фрукти,42,38.0,597,0,0,0
2024-08-29,5,Яблука українські 1 кг,Фрукти,55,38.0,542,0,0,0
2024-08-30,5,Яблука українські 1 кг,Фрукти,61,38.0,481,0,0,0
2024-08-31,5,Яблука українські 1 кг,Фрукти,85,38.0,396,0,0,0
2024-09-01,5,Яблука українські 1 кг,Фрукти,70,38.0,326,0,0,0
2024-09-02,5,Яблука українські 1 кг,Фрукти,60,38.0,655,0,0,0
2024-09-03,5,Яблука українські 1 кг,Фрукти,54,38.0,601,0,0,1
2024-09-04,5,Яблука українські 1 кг,Фрукти,74,34.2,527,1,0,0
2024-09-05,5,Яблука українські 1 кг,Фрукти,66,38.0,461,0,0,0
2024-09-06,5,Яблука українські 1 кг,Фрукти,58,38.0,403,0,0,0
2024-09-07,5,Яблука українські 1 кг,Фрукти,73,38.0,330,0,0,0
2024-09-08,5,Яблука українські 1 кг,Фрукти,84,38.0,246,0,0,0
2024-09-09,5,Яблука українські 1 кг,Фрукти,87,34.2,591,1,0,0
2024-09-10,5,Яблука українські 1 кг,Фрукти,51,38.0,540,0,0,0
2024-09-11,5,Яблука українські 1 кг,Фрукти,77,38.0,463,0,0,0
2024-09-12,5,Яблука українські 1 кг,Фрукти,59,38.0,404,0,0,0
2024-09-13,5,Яблука українські 1 кг,Фрукти,64,38.0,340,0,0,0
2024-09-14,5,Яблука українські 1 кг,Фрукти,90,34.2,250,1,0,0
2024-09-15,5,Яблука українські 1 кг,Фрукти,71,38.0,179,0,0,0
2024-09-16,5,Яблука українські 1 кг,Фрукти,45,38.0,591,0,0,1
2024-09-17,5,Яблука українські 1 кг,Фрукти,58,38.0,533,0,0,0
2024-09-18,5,Яблука українські 1 кг,Фрукти,51,38.0,482,0,0,0
2024-09-19,5,Яблука українські 1 кг,Фрукти,90,34.2,392,1,0,0
2024-09-20,5,Яблука українські 1 кг,Фрукти,56,38.0,336,0,0,0
2024-09-21,5,Яблука українські 1 кг,Фрукти,72,38.0,264,0,0,0
2024-09-22,5,Яблука українські 1 кг,Фрукти,76,38.0,188,0,0,0
2024-09-23,5,Яблука українські 1 кг,Фрукти,68,38.0,564,0,0,0
2024-09-24,5,Яблука українські 1 кг,Фрукти,55,38.0,509,0,0,0
2024-09-25,5,Яблука українські 1 кг,Фрукти,85,34.2,424,1,0,0
2024-09-26,5,Яблука українські 1 кг,Фрукти,81,34.2,343,1,0,0
2024-09-27,5,Яблука українські 1 кг,Фрукти,65,38.0,278,0,0,0
2024-09-28,5,Яблука українські 1 кг,Фрукти,73,38.0,205,0,0,0
2024-09-29,5,Яблука українські 1 кг,Фрукти,74,38.0,131,0,0,0
2024-09-30,5,Яблука українські 1 кг,Фрукти,88,38.0,564,0,0,0
2024-10-01,5,Яблука українські 1 кг,Фрукти,75,38.0,489,0,0,0
2024-10-02,5,Яблука українські 1 кг,Фрукти,72,34.2,417,1,0,0
2024-10-03,5,Яблука українські 1 кг,Фрукти,56,38.0,361,0,0,0
2024-10-04,5,Яблука українські 1 кг,Фрукти,52,38.0,309,0,0,2
2024-10-05,5,Яблука українські 1 кг,Фрукти,75,38.0,234,0,0,1
2024-10-06,5,Яблука українські 1 кг,Фрукти,77,38.0,157,0,0,0
2024-10-07,5,Яблука українські 1 кг,Фрукти,51,38.0,486,0,0,0
2024-10-08,5,Яблука українські 1 кг,Фрукти,60,38.0,426,0,0,0
2024-10-09,5,Яблука українські 1 кг,Фрукти,70,38.0,356,0,0,0
2024-10-10,5,Яблука українські 1 кг,Фрукти,66,38.0,290,0,0,1
2024-10-11,5,Яблука українські 1 кг,Фрукти,63,38.0,227,0,0,0
2024-10-12,5,Яблука українські 1 кг,Фрукти,67,38.0,160,0,0,1
2024-10-13,5,Яблука українські 1 кг,Фрукти,71,38.0,89,0,0,0
2024-10-14,5,Яблука українські 1 кг,Фрукти,76,38.0,479,0,0,0
2024-10-15,5,Яблука українські 1 кг,Фрукти,87,34.2,392,1,0,0
2024-10-16,5,Яблука українські 1 кг,Фрукти,91,34.2,301,1,0,0
2024-10-17,5,Яблука українські 1 кг,Фрукти,59,38.0,242,0,0,0
2024-10-18,5,Яблука українські 1 кг,Фрукти,71,38.0,171,0,0,0
2024-10-19,5,Яблука українські 1 кг,Фрукти,60,38.0,111,0,0,0
2024-10-20,5,Яблука українські 1 кг,Фрукти,83,38.0,28,0,0,0
2024-10-21,5,Яблука українські 1 кг,Фрукти,85,38.0,411,0,0,0
2024-10-22,5,Яблука українські 1 кг,Фрукти,58,38.0,353,0,0,0
2024-10-23,5,Яблука українські 1 кг,Фрукти,84,34.2,269,1,0,1
2024-10-24,5,Яблука українські 1 кг,Фрукти,64,38.0,205,0,0,0
2024-10-25,5,Яблука українські 1 кг,Фрукти,86,34.2,119,1,0,0
2024-10-26,5,Яблука українські 1 кг,Фрукти,72,38.0,47,0,0,0
2024-10-27,5,Яблука українські 1 кг,Фрукти,47,38.0,0,0,0,0
2024-10-28,5,Яблука українські 1 кг,Фрукти,62,38.0,451,0,0,0
2024-10-29,5,Яблука українські 1 кг,Фрукти,59,38.0,392,0,0,0
2024-10-30,5,Яблука українські 1 кг,Фрукти,65,38.0,327,0,0,0
2024-10-31,5,Яблука українські 1 кг,Фрукти,66,38.0,261,0,0,0
2024-11-01,5,Яблука українські 1 кг,Фрукти,72,38.0,189,0,0,0
2024-11-02,5,Яблука українські 1 кг,Фрукти,85,38.0,104,0,0,0
2024-11-03,5,Яблука українські 1 кг,Фрукти,91,38.0,13,0,0,0
2024-11-04,5,Яблука українські 1 кг,Фрукти,61,38.0,322,0,0,0
2024-11-05,5,Яблука українські 1 кг,Фрукти,88,38.0,234,0,0,0
2024-11-06,5,Яблука українські 1 кг,Фрукти,93,34.2,141,1,0,1
2024-11-07,5,Яблука українські 1 кг,Фрукти,68,38.0,73,0,0,1
2024-11-08,5,Яблука українські 1 кг,Фрукти,66,38.0,7,0,0,0
2024-11-09,5,Яблука українські 1 кг,Фрукти,7,38.0,0,0,0,1
2024-11-10,5,Яблука українські 1 кг,Фрукти,0,38.0,0,0,0,1
2024-11-11,5,Яблука українські 1 кг,Фрукти,67,38.0,378,0,0,0
2024-11-12,5,Яблука українські 1 кг,Фрукти,78,38.0,300,0,0,0
2024-11-13,5,Яблука українські 1 кг,Фрукти,78,38.0,222,0,0,0
2024-11-14,5,Яблука українські 1 кг,Фрукти,62,38.0,160,0,0,1
2024-11-15,5,Яблука українські 1 кг,Фрукти,85,38.0,75,0,0,0
2024-11-16,5,Яблука українські 1 кг,Фрукти,75,34.2,0,1,0,0
2024-11-17,5,Яблука українські 1 кг,Фрукти,0,38.0,0,0,0,0
2024-11-18,5,Яблука українські 1 кг,Фрукти,64,38.0,379,0,0,0
2024-11-19,5,Яблука українські 1 кг,Фрукти,68,38.0,311,0,0,0
2024-11-20,5,Яблука українські 1 кг,Фрукти,70,38.0,241,0,0,0
2024-11-21,5,Яблука українські 1 кг,Фрукти,84,38.0,157,0,0,0
2024-11-22,5,Яблука українські 1 кг,Фрукти,74,38.0,83,0,0,0
2024-11-23,5,Яблука українські 1 кг,Фрукти,83,38.0,0,0,0,1
2024-11-24,5,Яблука українські 1 кг,Фрукти,0,38.0,0,0,0,0
2024-11-25,5,Яблука українські 1 кг,Фрукти,100,34.2,380,1,0,0
2024-11-26,5,Яблука українські 1 кг,Фрукти,71,38.0,309,0,0,1
2024-11-27,5,Яблука українські 1 кг,Фрукти,84,38.0,225,0,0,0
2024-11-28,5,Яблука українські 1 кг,Фрукти,62,38.0,163,0,0,0
2024-11-29,5,Яблука українські 1 кг,Фрукти,68,38.0,95,0,0,0
2024-11-30,5,Яблука українські 1 кг,Фрукти,95,38.0,0,0,0,0
2024-12-01,5,Яблука українські 1 кг,Фрукти,0,38.0,0,0,0,0
2024-12-02,5,Яблука українські 1 кг,Фрукти,58,38.0,338,0,0,1
2024-12-03,5,Яблука українські 1 кг,Фрукти,76,38.0,262,0,0,0
2024-12-04,5,Яблука українські 1 кг,Фрукти,60,38.0,202,0,0,0
2024-12-05,5,Яблука українські 1 кг,Фрукти,74,38.0,128,0,0,0
2024-12-06,5,Яблука українські 1 кг,Фрукти,87,34.2,41,1,0,0
2024-12-07,5,Яблука українські 1 кг,Фрукти,41,34.2,0,1,0,0
2024-12-08,5,Яблука українські 1 кг,Фрукти,0,38.0,0,0,0,0
2024-12-09,5,Яблука українські 1 кг,Фрукти,74,38.0,408,0,0,0
2024-12-10,5,Яблука українські 1 кг,Фрукти,58,38.0,350,0,0,0
2024-12-11,5,Яблука українські 1 кг,Фрукти,55,38.0,295,0,0,1
2024-12-12,5,Яблука українські 1 кг,Фрукти,63,38.0,232,0,0,0
2024-12-13,5,Яблука українські 1 кг,Фрукти,75,38.0,157,0,0,0
2024-12-14,5,Яблука українські 1 кг,Фрукти,77,38.0,80,0,0,0
2024-12-15,5,Яблука українські 1 кг,Фрукти,80,38.0,0,0,0,0
2024-12-16,5,Яблука українські 1 кг,Фрукти,83,38.0,439,0,0,0
2024-12-17,5,Яблука українські 1 кг,Фрукти,66,38.0,373,0,0,0
2024-12-18,5,Яблука українські 1 кг,Фрукти,64,38.0,309,0,0,0
2024-12-19,5,Яблука українські 1 кг,Фрукти,55,38.0,254,0,0,0
2024-12-20,5,Яблука українські 1 кг,Фрукти,73,38.0,181,0,0,0
2024-12-21,5,Яблука українські 1 кг,Фрукти,106,38.0,75,0,0,0
2024-12-22,5,Яблука українські 1 кг,Фрукти,75,38.0,0,0,0,0
2024-12-23,5,Яблука українські 1 кг,Фрукти,65,38.0,407,0,0,0
2024-12-24,5,Яблука українські 1 кг,Фрукти,77,38.0,330,0,0,0
2024-12-25,5,Яблука українські 1 кг,Фрукти,91,38.0,239,0,1,0
2024-12-26,5,Яблука українські 1 кг,Фрукти,70,38.0,169,0,0,0
2024-12-27,5,Яблука українські 1 кг,Фрукти,71,38.0,98,0,0,0
2024-12-28,5,Яблука українські 1 кг,Фрукти,98,34.2,0,1,0,0
2024-12-29,5,Яблука українські 1 кг,Фрукти,0,38.0,0,0,0,0
2024-12-30,5,Яблука українські 1 кг,Фрукти,89,38.0,271,0,0,0
2024-12-31,5,Яблука українські 1 кг,Фрукти,101,38.0,170,0,1,0
2025-01-01,5,Яблука українські 1 кг,Фрукти,119,34.2,51,1,1,0
2025-01-02,5,Яблука українські 1 кг,Фрукти,51,38.0,0,0,0,0
2025-01-03,5,Яблука українські 1 кг,Фрукти,0,38.0,0,0,0,2
2025-01-04,5,Яблука українські 1 кг,Фрукти,0,38.0,0,0,0,0
2025-01-05,5,Яблука українські 1 кг,Фрукти,0,34.2,0,1,0,0
2025-01-06,5,Яблука українські 1 кг,Фрукти,91,34.2,434,1,0,0
2025-01-07,5,Яблука українські 1 кг,Фрукти,71,38.0,363,0,0,0
2025-01-08,5,Яблука українські 1 кг,Фрукти,63,38.0,300,0,0,0
2025-01-09,5,Яблука українські 1 кг,Фрукти,67,38.0,233,0,0,0
2025-01-10,5,Яблука українські 1 кг,Фрукти,86,34.2,147,1,0,1
2025-01-11,5,Яблука українські 1 кг,Фрукти,85,38.0,62,0,0,0
2025-01-12,5,Яблука українські 1 кг,Фрукти,62,38.0,0,0,0,0
2025-01-13,5,Яблука українські 1 кг,Фрукти,71,38.0,400,0,0,0
2025-01-14,5,Яблука українські 1 кг,Фрукти,69,38.0,331,0,0,0
2025-01-15,5,Яблука українські 1 кг,Фрукти,85,34.2,246,1,0,0
2025-01-16,5,Яблука українські 1 кг,Фрукти,75,38.0,171,0,0,0
2025-01-17,5,Яблука українські 1 кг,Фрукти,95,34.2,76,1,0,0
2025-01-18,5,Яблука українські 1 кг,Фрукти,76,38.0,0,0,0,0
2025-01-19,5,Яблука українські 1 кг,Фрукти,0,38.0,0,0,0,0
2025-01-20,5,Яблука українські 1 кг,Фрукти,74,38.0,315,0,0,0
2025-01-21,5,Яблука українські 1 кг,Фрукти,76,38.0,239,0,0,0
2025-01-22,5,Яблука українські 1 кг,Фрукти,73,38.0,166,0,0,0
2025-01-23,5,Яблука українські 1 кг,Фрукти,69,38.0,97,0,0,0
2025-01-24,5,Яблука українські 1 кг,Фрукти,62,38.0,35,0,0,0
2025-01-25,5,Яблука українські 1 кг,Фрукти,35,38.0,0,0,0,0
2025-01-26,5,Яблука українські 1 кг,Фрукти,0,38.0,0,0,0,0
2025-01-27,5,Яблука українські 1 кг,Фрукти,75,38.0,291,0,0,0
2025-01-28,5,Яблука українські 1 кг,Фрукти,72,38.0,219,0,0,0
2025-01-29,5,Яблука українські 1 кг,Фрукти,95,34.2,124,1,0,0
2025-01-30,5,Яблука українські 1 кг,Фрукти,93,34.2,31,1,0,0
2025-01-31,5,Яблука українські 1 кг,Фрукти,31,38.0,0,0,0,0
2025-02-01,5,Яблука українські 1 кг,Фрукти,0,38.0,0,0,0,0
2025-02-02,5,Яблука українські 1 кг,Фрукти,0,38.0,0,0,0,0
2025-02-03,5,Яблука українські 1 кг,Фрукти,67,38.0,385,0,0,0
2025-02-04,5,Яблука українські 1 кг,Фрукти,99,34.2,286,1,0,0
2025-02-05,5,Яблука українські 1 кг,Фрукти,63,38.0,223,0,0,0
2025-02-06,5,Яблука українські 1 кг,Фрукти,55,38.0,168,0,0,0
2025-02-07,5,Яблука українські 1 кг,Фрукти,60,38.0,108,0,0,0
2025-02-08,5,Яблука українські 1 кг,Фрукти,70,38.0,38,0,0,0
2025-02-09,5,Яблука українські 1 кг,Фрукти,38,38.0,0,0,0,0
2025-02-10,5,Яблука українські 1 кг,Фрукти,70,38.0,451,0,0,0
2025-02-11,5,Яблука українські 1 кг,Фрукти,51,38.0,400,0,0,0
2025-02-12,5,Яблука українські 1 кг,Фрукти,53,38.0,347,0,0,1
2025-02-13,5,Яблука українські 1 кг,Фрукти,61,38.0,286,0,0,0
2025-02-14,5,Яблука українські 1 кг,Фрукти,65,38.0,221,0,0,0
2025-02-15,5,Яблука українські 1 кг,Фрукти,60,38.0,161,0,0,0
2025-02-16,5,Яблука українські 1 кг,Фрукти,85,38.0,76,0,0,0
2025-02-17,5,Яблука українські 1 кг,Фрукти,68,38.0,472,0,0,0
2025-02-18,5,Яблука українські 1 кг,Фрукти,69,38.0,403,0,0,0
2025-02-19,5,Яблука українські 1 кг,Фрукти,72,38.0,331,0,0,0
2025-02-20,5,Яблука українські 1 кг,Фрукти,63,38.0,268,0,0,0
2025-02-21,5,Яблука українські 1 кг,Фрукти,60,38.0,208,0,0,0
2025-02-22,5,Яблука українські 1 кг,Фрукти,87,38.0,121,0,0,1
2025-02-23,5,Яблука українські 1 кг,Фрукти,94,38.0,27,0,0,0
2025-02-24,5,Яблука українські 1 кг,Фрукти,58,38.0,361,0,0,1
2025-02-25,5,Яблука українські 1 кг,Фрукти,73,38.0,288,0,0,0
2025-02-26,5,Яблука українські 1 кг,Фрукти,71,38.0,217,0,0,0
2025-02-27,5,Яблука українські 1 кг,Фрукти,65,38.0,152,0,0,0
2025-02-28,5,Яблука українські 1 кг,Фрукти,62,38.0,90,0,0,0
2025-03-01,5,Яблука українські 1 кг,Фрукти,67,38.0,23,0,0,0
2025-03-02,5,Яблука українські 1 кг,Фрукти,23,38.0,0,0,0,0
2025-03-03,5,Яблука українські 1 кг,Фрукти,75,38.0,442,0,0,0
2025-03-04,5,Яблука українські 1 кг,Фрукти,51,38.0,391,0,0,0
2025-03-05,5,Яблука українські 1 кг,Фрукти,52,38.0,339,0,0,0
2025-03-06,5,Яблука українські 1 кг,Фрукти,54,38.0,285,0,0,0
2025-03-07,5,Яблука українські 1 кг,Фрукти,63,38.0,222,0,0,0
2025-03-08,5,Яблука українські 1 кг,Фрукти,93,38.0,129,0,1,0
2025-03-09,5,Яблука українські 1 кг,Фрукти,65,38.0,64,0,0,0
2025-03-10,5,Яблука українські 1 кг,Фрукти,70,38.0,492,0,0,0
2025-03-11,5,Яблука українські 1 кг,Фрукти,87,34.2,405,1,0,0
2025-03-12,5,Яблука українські 1 кг,Фрукти,69,38.0,336,0,0,1
2025-03-13,5,Яблука українські 1 кг,Фрукти,63,38.0,273,0,0,0
2025-03-14,5,Яблука українські 1 кг,Фрукти,59,38.0,214,0,0,0
2025-03-15,5,Яблука українські 1 кг,Фрукти,64,38.0,150,0,0,0
2025-03-16,5,Яблука українські 1 кг,Фрукти,84,38.0,66,0,0,0
2025-03-17,5,Яблука українські 1 кг,Фрукти,49,38.0,346,0,0,1
2025-03-18,5,Яблука українські 1 кг,Фрукти,68,38.0,278,0,0,0
2025-03-19,5,Яблука українські 1 кг,Фрукти,64,38.0,214,0,0,0
2025-03-20,5,Яблука українські 1 кг,Фрукти,54,38.0,160,0,0,0
2025-03-21,5,Яблука українські 1 кг,Фрукти,70,38.0,90,0,0,0
2025-03-22,5,Яблука українські 1 кг,Фрукти,60,38.0,30,0,0,1
2025-03-23,5,Яблука українські 1 кг,Фрукти,30,38.0,0,0,0,0
2025-03-24,5,Яблука українські 1 кг,Фрукти,60,38.0,370,0,0,0
2025-03-25,5,Яблука українські 1 кг,Фрукти,71,38.0,299,0,0,0
2025-03-26,5,Яблука українські 1 кг,Фрукти,48,38.0,251,0,0,0
2025-03-27,5,Яблука українські 1 кг,Фрукти,89,34.2,162,1,0,0
2025-03-28,5,Яблука українські 1 кг,Фрукти,59,38.0,103,0,0,1
2025-03-29,5,Яблука українські 1 кг,Фрукти,67,38.0,36,0,0,0
2025-03-30,5,Яблука українські 1 кг,Фрукти,36,34.2,0,1,0,0
2025-03-31,5,Яблука українські 1 кг,Фрукти,86,34.2,400,1,0,0
2025-04-01,5,Яблука українські 1 кг,Фрукти,74,38.0,326,0,0,0
2025-04-02,5,Яблука українські 1 кг,Фрукти,55,38.0,271,0,0,0
2025-04-03,5,Яблука українські 1 кг,Фрукти,56,38.0,215,0,0,0
2025-04-04,5,Яблука українські 1 кг,Фрукти,56,38.0,159,0,0,0
2025-04-05,5,Яблука українські 1 кг,Фрукти,77,38.0,82,0,0,0
2025-04-06,5,Яблука українські 1 кг,Фрукти,58,38.0,24,0,0,0
2025-04-07,5,Яблука українські 1 кг,Фрукти,56,38.0,382,0,0,0
2025-04-08,5,Яблука українські 1 кг,Фрукти,70,38.0,312,0,0,0
2025-04-09,5,Яблука українські 1 кг,Фрукти,68,38.0,244,0,0,0
2025-04-10,5,Яблука українські 1 кг,Фрукти,76,38.0,168,0,0,0
2025-04-11,5,Яблука українські 1 кг,Фрукти,47,38.0,121,0,0,0
2025-04-12,5,Яблука українські 1 кг,Фрукти,64,38.0,57,0,0,0
2025-04-13,5,Яблука українські 1 кг,Фрукти,57,38.0,0,0,0,0
2025-04-14,5,Яблука українські 1 кг,Фрукти,71,38.0,434,0,0,0
2025-04-15,5,Яблука українські 1 кг,Фрукти,56,38.0,378,0,0,0
2025-04-16,5,Яблука українські 1 кг,Фрукти,64,38.0,314,0,0,0
2025-04-17,5,Яблука українські 1 кг,Фрукти,62,38.0,252,0,0,0
2025-04-18,5,Яблука українські 1 кг,Фрукти,66,38.0,186,0,0,1
2025-04-19,5,Яблука українські 1 кг,Фрукти,75,38.0,111,0,0,0
2025-04-20,5,Яблука українські 1 кг,Фрукти,83,38.0,28,0,1,0
2025-04-21,5,Яблука українські 1 кг,Фрукти,87,34.2,412,1,0,0
2025-04-22,5,Яблука українські 1 кг,Фрукти,49,38.0,363,0,0,1
2025-04-23,5,Яблука українські 1 кг,Фрукти,83,34.2,280,1,0,0
2025-04-24,5,Яблука українські 1 кг,Фрукти,64,38.0,216,0,0,0
2025-04-25,5,Яблука українські 1 кг,Фрукти,55,38.0,161,0,0,0
2025-04-26,5,Яблука українські 1 кг,Фрукти,66,38.0,95,0,0,0
2025-04-27,5,Яблука українські 1 кг,Фрукти,95,34.2,0,1,0,0
2025-04-28,5,Яблука українські 1 кг,Фрукти,76,34.2,314,1,0,1
2025-04-29,5,Яблука українські 1 кг,Фрукти,79,38.0,235,0,0,0
2025-04-30,5,Яблука українські 1 кг,Фрукти,64,38.0,171,0,0,1
2024-01-01,6,Корм для котів 1.5 кг,Зоотовари,40,230.0,409,0,1,0
2024-01-02,6,Корм для котів 1.5 кг,Зоотовари,31,230.0,378,0,0,0
2024-01-03,6,Корм для котів 1.5 кг,Зоотовари,34,230.0,344,0,0,0
2024-01-04,6,Корм для котів 1.5 кг,Зоотовари,31,230.0,313,0,0,0
2024-01-05,6,Корм для котів 1.5 кг,Зоотовари,29,230.0,284,0,0,0
2024-01-06,6,Корм для котів 1.5 кг,Зоотовари,37,230.0,247,0,0,0
2024-01-07,6,Корм для котів 1.5 кг,Зоотовари,30,230.0,217,0,0,0
2024-01-08,6,Корм для котів 1.5 кг,Зоотовари,23,230.0,412,0,0,0
2024-01-09,6,Корм для котів 1.5 кг,Зоотовари,26,230.0,386,0,0,1
2024-01-10,6,Корм для котів 1.5 кг,Зоотовари,40,207.0,346,1,0,1
2024-01-11,6,Корм для котів 1.5 кг,Зоотовари,29,230.0,317,0,0,0
2024-01-12,6,Корм для котів 1.5 кг,Зоотовари,32,230.0,285,0,0,0
2024-01-13,6,Корм для котів 1.5 кг,Зоотовари,34,230.0,251,0,0,0
2024-01-14,6,Корм для котів 1.5 кг,Зоотовари,31,230.0,220,0,0,0
2024-01-15,6,Корм для котів 1.5 кг,Зоотовари,28,230.0,402,0,0,0
2024-01-16,6,Корм для котів 1.5 кг,Зоотовари,27,230.0,375,0,0,1
2024-01-17,6,Корм для котів 1.5 кг,Зоотовари,33,230.0,342,0,0,0
2024-01-18,6,Корм для котів 1.5 кг,Зоотовари,38,230.0,304,0,0,0
2024-01-19,6,Корм для котів 1.5 кг,Зоотовари,35,230.0,269,0,0,0
2024-01-20,6,Корм для котів 1.5 кг,Зоотовари,41,207.0,228,1,0,0
2024-01-21,6,Корм для котів 1.5 кг,Зоотовари,36,230.0,192,0,0,0
2024-01-22,6,Корм для котів 1.5 кг,Зоотовари,26,230.0,394,0,0,0
2024-01-23,6,Корм для котів 1.5 кг,Зоотовари,33,230.0,361,0,0,0
2024-01-24,6,Корм для котів 1.5 кг,Зоотовари,31,230.0,330,0,0,0
2024-01-25,6,Корм для котів 1.5 кг,Зоотовари,31,230.0,299,0,0,0
2024-01-26,6,Корм для котів 1.5 кг,Зоотовари,42,207.0,257,1,0,0
2024-01-27,6,Корм для котів 1.5 кг,Зоотовари,32,230.0,225,0,0,0
2024-01-28,6,Корм для котів 1.5 кг,Зоотовари,39,230.0,186,0,0,0
2024-01-29,6,Корм для котів 1.5 кг,Зоотовари,33,230.0,358,0,0,0
2024-01-30,6,Корм для котів 1.5 кг,Зоотовари,31,230.0,327,0,0,0
2024-01-31,6,Корм для котів 1.5 кг,Зоотовари,28,230.0,299,0,0,0
2024-02-01,6,Корм для котів 1.5 кг,Зоотовари,31,230.0,268,0,0,0
2024-02-02,6,Корм для котів 1.5 кг,Зоотовари,30,230.0,238,0,0,0
2024-02-03,6,Корм для котів 1.5 кг,Зоотовари,29,230.0,209,0,0,0
2024-02-04,6,Корм для котів 1.5 кг,Зоотовари,29,230.0,180,0,0,0
2024-02-05,6,Корм для котів 1.5 кг,Зоотовари,28,230.0,305,0,0,1
2024-02-06,6,Корм для котів 1.5 кг,Зоотовари,21,230.0,284,0,0,0
2024-02-07,6,Корм для котів 1.5 кг,Зоотовари,32,230.0,252,0,0,0
2024-02-08,6,Корм для котів 1.5 кг,Зоотовари,28,230.0,224,0,0,0
2024-02-09,6,Корм для котів 1.5 кг,Зоотовари,28,230.0,196,0,0,1
2024-02-10,6,Корм для котів 1.5 кг,Зоотовари,31,230.0,165,0,0,0
2024-02-11,6,Корм для котів 1.5 кг,Зоотовари,35,207.0,130,1,0,0
2024-02-12,6,Корм для котів 1.5 кг,Зоотовари,21,230.0,319,0,0,0
2024-02-13,6,Корм для котів 1.5 кг,Зоотовари,29,230.0,290,0,0,0
2024-02-14,6,Корм для котів 1.5 кг,Зоотовари,24,230.0,266,0,0,1
2024-02-15,6,Корм для котів 1.5 кг,Зоотовари,30,207.0,236,1,0,1
2024-02-16,6,Корм для котів 1.5 кг,Зоотовари,26,230.0,210,0,0,0
2024-02-17,6,Корм для котів 1.5 кг,Зоотовари,32,230.0,178,0,0,0
2024-02-18,6,Корм для котів 1.5 кг,Зоотовари,34,230.0,144,0,0,0
2024-02-19,6,Корм для котів 1.5 кг,Зоотовари,29,230.0,295,0,0,0
2024-02-20,6,Корм для котів 1.5 кг,Зоотовари,29,230.0,266,0,0,0
2024-02-21,6,Корм для котів 1.5 кг,Зоотовари,30,230.0,236,0,0,0
2024-02-22,6,Корм для котів 1.5 кг,Зоотовари,23,230.0,213,0,0,1
2024-02-23,6,Корм для котів 1.5 кг,Зоотовари,33,230.0,180,0,0,0
2024-02-24,6,Корм для котів 1.5 кг,Зоотовари,27,230.0,153,0,0,1
2024-02-25,6,Корм для котів 1.5 кг,Зоотовари,33,230.0,120,0,0,0
2024-02-26,6,Корм для котів 1.5 кг,Зоотовари,27,230.0,258,0,0,0
2024-02-27,6,Корм для котів 1.5 кг,Зоотовари,23,230.0,235,0,0,1
2024-02-28,6,Корм для котів 1.5 кг,Зоотовари,28,230.0,207,0,0,0
2024-02-29,6,Корм для котів 1.5 кг,Зоотовари,41,207.0,166,1,0,0
2024-03-01,6,Корм для котів 1.5 кг,Зоотовари,33,207.0,133,1,0,0
2024-03-02,6,Корм для котів 1.5 кг,Зоотовари,31,230.0,102,0,0,0
2024-03-03,6,Корм для котів 1.5 кг,Зоотовари,36,230.0,66,0,0,0
2024-03-04,6,Корм для котів 1.5 кг,Зоотовари,28,230.0,209,0,0,0
2024-03-05,6,Корм для котів 1.5 кг,Зоотовари,29,207.0,180,1,0,0
2024-03-06,6,Корм для котів 1.5 кг,Зоотовари,25,230.0,155,0,0,0
2024-03-07,6,Корм для котів 1.5 кг,Зоотовари,26,230.0,129,0,0,0
2024-03-08,6,Корм для котів 1.5 кг,Зоотовари,37,230.0,92,0,1,0
2024-03-09,6,Корм для котів 1.5 кг,Зоотовари,30,230.0,62,0,0,0
2024-03-10,6,Корм для котів 1.5 кг,Зоотовари,38,207.0,24,1,0,0
2024-03-11,6,Корм для котів 1.5 кг,Зоотовари,28,230.0,173,0,0,0
2024-03-12,6,Корм для котів 1.5 кг,Зоотовари,26,230.0,147,0,0,0
2024-03-13,6,Корм для котів 1.5 кг,Зоотовари,24,230.0,123,0,0,0
2024-03-14,6,Корм для котів 1.5 кг,Зоотовари,30,230.0,93,0,0,0
2024-03-15,6,Корм для котів 1.5 кг,Зоотовари,23,230.0,70,0,0,0
2024-03-16,6,Корм для котів 1.5 кг,Зоотовари,30,230.0,40,0,0,0
2024-03-17,6,Корм для котів 1.5 кг,Зоотовари,27,230.0,13,0,0,0
2024-03-18,6,Корм для котів 1.5 кг,Зоотовари,25,230.0,198,0,0,0
2024-03-19,6,Корм для котів 1.5 кг,Зоотовари,28,230.0,170,0,0,0
2024-03-20,6,Корм для котів 1.5 кг,Зоотовари,22,230.0,148,0,0,0
2024-03-21,6,Корм для котів 1.5 кг,Зоотовари,26,230.0,122,0,0,0
2024-03-22,6,Корм для котів 1.5 кг,Зоотовари,21,230.0,101,0,0,0
2024-03-23,6,Корм для котів 1.5 кг,Зоотовари,24,230.0,77,0,0,1
2024-03-24,6,Корм для котів 1.5 кг,Зоотовари,28,230.0,49,0,0,0
2024-03-25,6,Корм для котів 1.5 кг,Зоотовари,22,230.0,251,0,0,0
2024-03-26,6,Корм для котів 1.5 кг,Зоотовари,33,230.0,218,0,0,0
2024-03-27,6,Корм для котів 1.5 кг,Зоотовари,28,230.0,190,0,0,0
2024-03-28,6,Корм для котів 1.5 кг,Зоотовари,26,230.0,164,0,0,0
2024-03-29,6,Корм для котів 1.5 кг,Зоотовари,26,230.0,138,0,0,0
2024-03-30,6,Корм для котів 1.5 кг,Зоотовари,47,207.0,91,1,0,0
2024-03-31,6,Корм для котів 1.5 кг,Зоотовари,29,230.0,62,0,0,0
2024-04-01,6,Корм для котів 1.5 кг,Зоотовари,29,230.0,214,0,0,1
2024-04-02,6,Корм для котів 1.5 кг,Зоотовари,18,230.0,196,0,0,0
2024-04-03,6,Корм для котів 1.5 кг,Зоотовари,28,230.0,168,0,0,0
2024-04-04,6,Корм для котів 1.5 кг,Зоотовари,29,230.0,139,0,0,0
2024-04-05,6,Корм для котів 1.5 кг,Зоотовари,28,230.0,111,0,0,0
2024-04-06,6,Корм для котів 1.5 кг,Зоотовари,28,230.0,83,0,0,0
2024-04-07,6,Корм для котів 1.5 кг,Зоотовари,43,207.0,40,1,0,0
2024-04-08,6,Корм для котів 1.5 кг,Зоотовари,20,230.0,225,0,0,0
2024-04-09,6,Корм для котів 1.5 кг,Зоотовари,31,230.0,194,0,0,0
2024-04-10,6,Корм для котів 1.5 кг,Зоотовари,24,230.0,170,0,0,0
2024-04-11,6,Корм для котів 1.5 кг,Зоотовари,31,230.0,139,0,0,0
2024-04-12,6,Корм для котів 1.5 кг,Зоотовари,40,207.0,99,1,0,0
2024-04-13,6,Корм для котів 1.5 кг,Зоотовари,29,230.0,70,0,0,0
2024-04-14,6,Корм для котів 1.5 кг,Зоотовари,42,207.0,28,1,0,0
2024-04-15,6,Корм для котів 1.5 кг,Зоотовари,24,230.0,179,0,0,0
2024-04-16,6,Корм для котів 1.5 кг,Зоотовари,28,230.0,151,0,0,1
2024-04-17,6,Корм для котів 1.5 кг,Зоотовари,25,230.0,126,0,0,2
2024-04-18,6,Корм для котів 1.5 кг,Зоотовари,28,230.0,98,0,0,0
2024-04-19,6,Корм для котів 1.5 кг,Зоотовари,32,230.0,66,0,0,0
2024-04-20,6,Корм для котів 1.5 кг,Зоотовари,29,230.0,37,0,0,0
2024-04-21,6,Корм для котів 1.5 кг,Зоотовари,35,230.0,2,0,0,0
2024-04-22,6,Корм для котів 1.5 кг,Зоотовари,20,230.0,135,0,0,0
2024-04-23,6,Корм для котів 1.5 кг,Зоотовари,25,230.0,110,0,0,0
2024-04-24,6,Корм для котів 1.5 кг,Зоотовари,35,207.0,75,1,0,0
2024-04-25,6,Корм для котів 1.5 кг,Зоотовари,24,230.0,51,0,0,0
2024-04-26,6,Корм для котів 1.5 кг,Зоотовари,26,230.0,25,0,0,0
2024-04-27,6,Корм для котів 1.5 кг,Зоотовари,25,230.0,0,0,0,0
2024-04-28,6,Корм для котів 1.5 кг,Зоотовари,0,230.0,0,0,0,0
2024-04-29,6,Корм для котів 1.5 кг,Зоотовари,36,207.0,133,1,0,0
2024-04-30,6,Корм для котів 1.5 кг,Зоотовари,29,230.0,104,0,0,0
2024-05-01,6,Корм для котів 1.5 кг,Зоотовари,42,207.0,62,1,1,0
2024-05-02,6,Корм для котів 1.5 кг,Зоотовари,24,230.0,38,0,0,0
2024-05-03,6,Корм для котів 1.5 кг,Зоотовари,27,230.0,11,0,0,0
2024-05-04,6,Корм для котів 1.5 кг,Зоотовари,11,207.0,0,1,0,0
2024-05-05,6,Корм для котів 1.5 кг,Зоотовари,0,230.0,0,0,0,1
2024-05-06,6,Корм для котів 1.5 кг,Зоотовари,35,230.0,156,0,0,0
2024-05-07,6,Корм для котів 1.5 кг,Зоотовари,26,230.0,130,0,0,0
2024-05-08,6,Корм для котів 1.5 кг,Зоотовари,25,230.0,105,0,0,0
2024-05-09,6,Корм для котів 1.5 кг,Зоотовари,27,230.0,78,0,0,0
2024-05-10,6,Корм для котів 1.5 кг,Зоотовари,20,230.0,58,0,0,0
2024-05-11,6,Корм для котів 1.5 кг,Зоотовари,31,230.0,27,0,0,0
2024-05-12,6,Корм для котів 1.5 кг,Зоотовари,27,230.0,0,0,0,0
2024-05-13,6,Корм для котів 1.5 кг,Зоотовари,24,230.0,196,0,0,1
2024-05-14,6,Корм для котів 1.5 кг,Зоотовари,25,230.0,171,0,0,0
2024-05-15,6,Корм для котів 1.5 кг,Зоотовари,27,230.0,144,0,0,0
2024-05-16,6,Корм для котів 1.5 кг,Зоотовари,37,207.0,107,1,0,0
2024-05-17,6,Корм для котів 1.5 кг,Зоотовари,20,230.0,87,0,0,0
2024-05-18,6,Корм для котів 1.5 кг,Зоотовари,40,230.0,47,0,0,0
2024-05-19,6,Корм для котів 1.5 кг,Зоотовари,33,230.0,14,0,0,0
2024-05-20,6,Корм для котів 1.5 кг,Зоотовари,23,230.0,152,0,0,0
2024-05-21,6,Корм для котів 1.5 кг,Зоотовари,20,230.0,132,0,0,0
2024-05-22,6,Корм для котів 1.5 кг,Зоотовари,28,230.0,104,0,0,0
2024-05-23,6,Корм для котів 1.5 кг,Зоотовари,27,230.0,77,0,0,0
2024-05-24,6,Корм для котів 1.5 кг,Зоотовари,34,230.0,43,0,0,0
2024-05-25,6,Корм для котів 1.5 кг,Зоотовари,30,230.0,13,0,0,0
2024-05-26,6,Корм для котів 1.5 кг,Зоотовари,13,230.0,0,0,0,0
2024-05-27,6,Корм для котів 1.5 кг,Зоотовари,24,230.0,116,0,0,1
2024-05-28,6,Корм для котів 1.5 кг,Зоотовари,30,230.0,86,0,0,0
2024-05-29,6,Корм для котів 1.5 кг,Зоотовари,27,230.0,59,0,0,0
2024-05-30,6,Корм для котів 1.5 кг,Зоотовари,28,230.0,31,0,0,0
2024-05-31,6,Корм для котів 1.5 кг,Зоотовари,31,230.0,0,0,0,0
2024-06-01,6,Корм для котів 1.5 кг,Зоотовари,0,230.0,0,0,0,0
2024-06-02,6,Корм для котів 1.5 кг,Зоотовари,0,230.0,0,0,0,0
2024-06-03,6,Корм для котів 1.5 кг,Зоотовари,21,230.0,188,0,0,0
2024-06-04,6,Корм для котів 1.5 кг,Зоотовари,28,230.0,160,0,0,2
2024-06-05,6,Корм для котів 1.5 кг,Зоотовари,25,230.0,135,0,0,0
2024-06-06,6,Корм для котів 1.5 кг,Зоотовари,27,230.0,108,0,0,0
2024-06-07,6,Корм для котів 1.5 кг,Зоотовари,22,230.0,86,0,0,0
2024-06-08,6,Корм для котів 1.5 кг,Зоотовари,25,230.0,61,0,0,0
2024-06-09,6,Корм для котів 1.5 кг,Зоотовари,32,230.0,29,0,0,0
2024-06-10,6,Корм для котів 1.5 кг,Зоотовари,17,230.0,186,0,0,1
2024-06-11,6,Корм для котів 1.5 кг,Зоотовари,27,230.0,159,0,0,0
2024-06-12,6,Корм для котів 1.5 кг,Зоотовари,23,230.0,136,0,0,0
2024-06-13,6,Корм для котів 1.5 кг,Зоотовари,25,230.0,111,0,0,0
2024-06-14,6,Корм для котів 1.5 кг,Зоотовари,28,207.0,83,1,0,0
2024-06-15,6,Корм для котів 1.5 кг,Зоотовари,30,230.0,53,0,0,0
2024-06-16,6,Корм для котів 1.5 кг,Зоотовари,40,207.0,13,1,0,0
2024-06-17,6,Корм для котів 1.5 кг,Зоотовари,29,207.0,196,1,0,1
2024-06-18,6,Корм для котів 1.5 кг,Зоотовари,17,230.0,179,0,0,0
2024-06-19,6,Корм для котів 1.5 кг,Зоотовари,21,230.0,158,0,0,2
2024-06-20,6,Корм для котів 1.5 кг,Зоотовари,26,230.0,132,0,0,0
2024-06-21,6,Корм для котів 1.5 кг,Зоотовари,24,230.0,108,0,0,0
2024-06-22,6,Корм для котів 1.5 кг,Зоотовари,26,230.0,82,0,0,0
2024-06-23,6,Корм для котів 1.5 кг,Зоотовари,25,230.0,57,0,0,0
2024-06-24,6,Корм для котів 1.5 кг,Зоотовари,24,230.0,242,0,0,0
2024-06-25,6,Корм для котів 1.5 кг,Зоотовари,36,207.0,206,1,0,0
2024-06-26,6,Корм для котів 1.5 кг,Зоотовари,21,230.0,185,0,0,2
2024-06-27,6,Корм для котів 1.5 кг,Зоотовари,23,230.0,162,0,0,0
2024-06-28,6,Корм для котів 1.5 кг,Зоотовари,26,230.0,136,0,0,0
2024-06-29,6,Корм для котів 1.5 кг,Зоотовари,25,230.0,111,0,0,0
2024-06-30,6,Корм для котів 1.5 кг,Зоотовари,30,230.0,81,0,0,0
2024-07-01,6,Корм для котів 1.5 кг,Зоотовари,26,230.0,249,0,0,0
2024-07-02,6,Корм для котів 1.5 кг,Зоотовари,29,230.0,220,0,0,0
2024-07-03,6,Корм для котів 1.5 кг,Зоотовари,21,230.0,199,0,0,0
2024-07-04,6,Корм для котів 1.5 кг,Зоотовари,27,230.0,172,0,0,0
2024-07-05,6,Корм для котів 1.5 кг,Зоотовари,19,230.0,153,0,0,1
2024-07-06,6,Корм для котів 1.5 кг,Зоотовари,28,230.0,125,0,0,1
2024-07-07,6,Корм для котів 1.5 кг,Зоотовари,30,230.0,95,0,0,0
2024-07-08,6,Корм для котів 1.5 кг,Зоотовари,30,230.0,292,0,0,0
2024-07-09,6,Корм для котів 1.5 кг,Зоотовари,25,230.0,267,0,0,1
2024-07-10,6,Корм для котів 1.5 кг,Зоотовари,23,230.0,244,0,0,0
2024-07-11,6,Корм для котів 1.5 кг,Зоотовари,18,230.0,226,0,0,0
2024-07-12,6,Корм для котів 1.5 кг,Зоотовари,26,230.0,200,0,0,0
2024-07-13,6,Корм для котів 1.5 кг,Зоотовари,28,230.0,172,0,0,0
2024-07-14,6,Корм для котів 1.5 кг,Зоотовари,24,230.0,148,0,0,0
2024-07-15,6,Корм для котів 1.5 кг,Зоотовари,26,230.0,298,0,0,0
2024-07-16,6,Корм для котів 1.5 кг,Зоотовари,30,207.0,268,1,0,0
2024-07-17,6,Корм для котів 1.5 кг,Зоотовари,29,230.0,239,0,0,0
2024-07-18,6,Корм для котів 1.5 кг,Зоотовари,34,207.0,205,1,0,0
2024-07-19,6,Корм для котів 1.5 кг,Зоотовари,24,230.0,181,0,0,0
2024-07-20,6,Корм для котів 1.5 кг,Зоотовари,28,230.0,153,0,0,0
2024-07-21,6,Корм для котів 1.5 кг,Зоотовари,23,230.0,130,0,0,0
2024-07-22,6,Корм для котів 1.5 кг,Зоотовари,23,230.0,287,0,0,1
2024-07-23,6,Корм для котів 1.5 кг,Зоотовари,25,230.0,262,0,0,1
2024-07-24,6,Корм для котів 1.5 кг,Зоотовари,21,230.0,241,0,0,0
2024-07-25,6,Корм для котів 1.5 кг,Зоотовари,26,230.0,215,0,0,2
2024-07-26,6,Корм для котів 1.5 кг,Зоотовари,25,230.0,190,0,0,0
2024-07-27,6,Корм для котів 1.5 кг,Зоотовари,25,230.0,165,0,0,0
2024-07-28,6,Корм для котів 1.5 кг,Зоотовари,25,230.0,140,0,0,0
2024-07-29,6,Корм для котів 1.5 кг,Зоотовари,25,230.0,268,0,0,1
2024-07-30,6,Корм для котів 1.5 кг,Зоотовари,30,230.0,238,0,0,0
2024-07-31,6,Корм для котів 1.5 кг,Зоотовари,27,207.0,211,1,0,0
2024-08-01,6,Корм для котів 1.5 кг,Зоотовари,18,230.0,193,0,0,0
2024-08-02,6,Корм для котів 1.5 кг,Зоотовари,28,230.0,165,0,0,0
2024-08-03,6,Корм для котів 1.5 кг,Зоотовари,31,230.0,134,0,0,0
2024-08-04,6,Корм для котів 1.5 кг,Зоотовари,27,230.0,107,0,0,0
2024-08-05,6,Корм для котів 1.5 кг,Зоотовари,28,230.0,230,0,0,0
2024-08-06,6,Корм для котів 1.5 кг,Зоотовари,22,230.0,208,0,0,0
2024-08-07,6,Корм для котів 1.5 кг,Зоотовари,28,230.0,180,0,0,0
2024-08-08,6,Корм для котів 1.5 кг,Зоотовари,29,230.0,151,0,0,0
2024-08-09,6,Корм для котів 1.5 кг,Зоотовари,26,230.0,125,0,0,0
2024-08-10,6,Корм для котів 1.5 кг,Зоотовари,40,207.0,85,1,0,0
2024-08-11,6,Корм для котів 1.5 кг,Зоотовари,32,230.0,53,0,0,0
2024-08-12,6,Корм для котів 1.5 кг,Зоотовари,34,207.0,190,1,0,0
2024-08-13,6,Корм для котів 1.5 кг,Зоотовари,27,230.0,163,0,0,0
2024-08-14,6,Корм для котів 1.5 кг,Зоотовари,25,230.0,138,0,0,0
2024-08-15,6,Корм для котів 1.5 кг,Зоотовари,25,230.0,113,0,0,0
2024-08-16,6,Корм для котів 1.5 кг,Зоотовари,29,230.0,84,0,0,0
2024-08-17,6,Корм для котів 1.5 кг,Зоотовари,26,230.0,58,0,0,0
2024-08-18,6,Корм для котів 1.5 кг,Зоотовари,29,230.0,29,0,0,0
2024-08-19,6,Корм для котів 1.5 кг,Зоотовари,26,230.0,180,0,0,0
2024-08-20,6,Корм для котів 1.5 кг,Зоотовари,22,230.0,158,0,0,1
2024-08-21,6,Корм для котів 1.5 кг,Зоотовари,23,230.0,135,0,0,0
2024-08-22,6,Корм для котів 1.5 кг,Зоотовари,29,230.0,106,0,0,0
2024-08-23,6,Корм для котів 1.5 кг,Зоотовари,32,207.0,74,1,0,0
2024-08-24,6,Корм для котів 1.5 кг,Зоотовари,52,207.0,22,1,1,0
2024-08-25,6,Корм для котів 1.5 кг,Зоотовари,22,230.0,0,0,0,0
2024-08-26,6,Корм для котів 1.5 кг,Зоотовари,29,230.0,193,0,0,0
2024-08-27,6,Корм для котів 1.5 кг,Зоотовари,22,230.0,171,0,0,0
2024-08-28,6,Корм для котів 1.5 кг,Зоотовари,21,230.0,150,0,0,1
2024-08-29,6,Корм для котів 1.5 кг,Зоотовари,22,230.0,128,0,0,0
2024-08-30,6,Корм для котів 1.5 кг,Зоотовари,26,230.0,102,0,0,0
2024-08-31,6,Корм для котів 1.5 кг,Зоотовари,32,230.0,70,0,0,0
2024-09-01,6,Корм для котів 1.5 кг,Зоотовари,40,207.0,30,1,0,0
2024-09-02,6,Корм для котів 1.5 кг,Зоотовари,24,230.0,231,0,0,0
2024-09-03,6,Корм для котів 1.5 кг,Зоотовари,31,230.0,200,0,0,0
2024-09-04,6,Корм для котів 1.5 кг,Зоотовари,36,207.0,164,1,0,0
2024-09-05,6,Корм для котів 1.5 кг,Зоотовари,20,230.0,144,0,0,0
2024-09-06,6,Корм для котів 1.5 кг,Зоотовари,31,207.0,113,1,0,0
2024-09-07,6,Корм для котів 1.5 кг,Зоотовари,34,230.0,79,0,0,0
2024-09-08,6,Корм для котів 1.5 кг,Зоотовари,42,230.0,37,0,0,0
2024-09-09,6,Корм для котів 1.5 кг,Зоотовари,28,230.0,201,0,0,0
2024-09-10,6,Корм для котів 1.5 кг,Зоотовари,27,230.0,174,0,0,1
2024-09-11,6,Корм для котів 1.5 кг,Зоотовари,30,230.0,144,0,0,0
2024-09-12,6,Корм для котів 1.5 кг,Зоотовари,22,230.0,122,0,0,0
2024-09-13,6,Корм для котів 1.5 кг,Зоотовари,35,230.0,87,0,0,0
2024-09-14,6,Корм для котів 1.5 кг,Зоотовари,30,230.0,57,0,0,0
2024-09-15,6,Корм для котів 1.5 кг,Зоотовари,41,207.0,16,1,0,0
2024-09-16,6,Корм для котів 1.5 кг,Зоотовари,29,230.0,159,0,0,0
2024-09-17,6,Корм для котів 1.5 кг,Зоотовари,33,230.0,126,0,0,0
2024-09-18,6,Корм для котів 1.5 кг,Зоотовари,31,230.0,95,0,0,0
2024-09-19,6,Корм для котів 1.5 кг,Зоотовари,28,230.0,67,0,0,0
2024-09-20,6,Корм для котів 1.5 кг,Зоотовари,28,230.0,39,0,0,1
2024-09-21,6,Корм для котів 1.5 кг,Зоотовари,30,230.0,9,0,0,0
2024-09-22,6,Корм для котів 1.5 кг,Зоотовари,9,230.0,0,0,0,0
2024-09-23,6,Корм для котів 1.5 кг,Зоотовари,36,207.0,154,1,0,0
2024-09-24,6,Корм для котів 1.5 кг,Зоотовари,25,230.0,129,0,0,0
2024-09-25,6,Корм для котів 1.5 кг,Зоотовари,25,230.0,104,0,0,0
2024-09-26,6,Корм для котів 1.5 кг,Зоотовари,35,207.0,69,1,0,0
2024-09-27,6,Корм для котів 1.5 кг,Зоотовари,33,230.0,36,0,0,0
2024-09-28,6,Корм для котів 1.5 кг,Зоотовари,35,230.0,1,0,0,0
2024-09-29,6,Корм для котів 1.5 кг,Зоотовари,1,230.0,0,0,0,0
2024-09-30,6,Корм для котів 1.5 кг,Зоотовари,27,230.0,124,0,0,0
2024-10-01,6,Корм для котів 1.5 кг,Зоотовари,28,230.0,96,0,0,1
2024-10-02,6,Корм для котів 1.5 кг,Зоотовари,34,230.0,62,0,0,0
2024-10-03,6,Корм для котів 1.5 кг,Зоотовари,27,230.0,35,0,0,0
2024-10-04,6,Корм для котів 1.5 кг,Зоотовари,26,230.0,9,0,0,0
2024-10-05,6,Корм для котів 1.5 кг,Зоотовари,9,230.0,0,0,0,1
2024-10-06,6,Корм для котів 1.5 кг,Зоотовари,0,230.0,0,0,0,0
2024-10-07,6,Корм для котів 1.5 кг,Зоотовари,18,230.0,177,0,0,0
2024-10-08,6,Корм для котів 1.5 кг,Зоотовари,27,230.0,150,0,0,0
2024-10-09,6,Корм для котів 1.5 кг,Зоотовари,26,207.0,124,1,0,1
2024-10-10,6,Корм для котів 1.5 кг,Зоотовари,29,230.0,95,0,0,0
2024-10-11,6,Корм для котів 1.5 кг,Зоотовари,24,230.0,71,0,0,1
2024-10-12,6,Корм для котів 1.5 кг,Зоотовари,30,230.0,41,0,0,0
2024-10-13,6,Корм для котів 1.5 кг,Зоотовари,31,230.0,10,0,0,0
2024-10-14,6,Корм для котів 1.5 кг,Зоотовари,29,230.0,200,0,0,0
2024-10-15,6,Корм для котів 1.5 кг,Зоотовари,25,230.0,175,0,0,0
2024-10-16,6,Корм для котів 1.5 кг,Зоотовари,32,230.0,143,0,0,0
2024-10-17,6,Корм для котів 1.5 кг,Зоотовари,44,207.0,99,1,0,0
2024-10-18,6,Корм для котів 1.5 кг,Зоотовари,27,230.0,72,0,0,0
2024-10-19,6,Корм для котів 1.5 кг,Зоотовари,37,230.0,35,0,0,0
2024-10-20,6,Корм для котів 1.5 кг,Зоотовари,34,230.0,1,0,0,0
2024-10-21,6,Корм для котів 1.5 кг,Зоотовари,23,230.0,161,0,0,0
2024-10-22,6,Корм для котів 1.5 кг,Зоотовари,36,207.0,125,1,0,0
2024-10-23,6,Корм для котів 1.5 кг,Зоотовари,29,230.0,96,0,0,0
2024-10-24,6,Корм для котів 1.5 кг,Зоотовари,32,230.0,64,0,0,1
2024-10-25,6,Корм для котів 1.5 кг,Зоотовари,30,230.0,34,0,0,0
2024-10-26,6,Корм для котів 1.5 кг,Зоотовари,33,230.0,1,0,0,0
2024-10-27,6,Корм для котів 1.5 кг,Зоотовари,1,230.0,0,0,0,0
2024-10-28,6,Корм для котів 1.5 кг,Зоотовари,24,230.0,195,0,0,0
2024-10-29,6,Корм для котів 1.5 кг,Зоотовари,25,230.0,170,0,0,1
2024-10-30,6,Корм для котів 1.5 кг,Зоотовари,33,230.0,137,0,0,0
2024-10-31,6,Корм для котів 1.5 кг,Зоотовари,18,230.0,119,0,0,2
2024-11-01,6,Корм для котів 1.5 кг,Зоотовари,27,230.0,92,0,0,0
2024-11-02,6,Корм для котів 1.5 кг,Зоотовари,35,230.0,57,0,0,0
2024-11-03,6,Корм для котів 1.5 кг,Зоотовари,38,230.0,19,0,0,0
2024-11-04,6,Корм для котів 1.5 кг,Зоотовари,32,230.0,200,0,0,0
2024-11-05,6,Корм для котів 1.5 кг,Зоотовари,32,230.0,168,0,0,0
2024-11-06,6,Корм для котів 1.5 кг,Зоотовари,32,230.0,136,0,0,0
2024-11-07,6,Корм для котів 1.5 кг,Зоотовари,25,230.0,111,0,0,0
2024-11-08,6,Корм для котів 1.5 кг,Зоотовари,21,230.0,90,0,0,0
2024-11-09,6,Корм для котів 1.5 кг,Зоотовари,36,230.0,54,0,0,0
2024-11-10,6,Корм для котів 1.5 кг,Зоотовари,34,230.0,20,0,0,0
2024-11-11,6,Корм для котів 1.5 кг,Зоотовари,35,230.0,196,0,0,0
2024-11-12,6,Корм для котів 1.5 кг,Зоотовари,29,230.0,167,0,0,0
2024-11-13,6,Корм для котів 1.5 кг,Зоотовари,28,230.0,139,0,0,0
2024-11-14,6,Корм для котів 1.5 кг,Зоотовари,40,207.0,99,1,0,0
2024-11-15,6,Корм для котів 1.5 кг,Зоотовари,26,230.0,73,0,0,0
2024-11-16,6,Корм для котів 1.5 кг,Зоотовари,39,230.0,34,0,0,0
2024-11-17,6,Корм для котів 1.5 кг,Зоотовари,32,230.0,2,0,0,0
2024-11-18,6,Корм для котів 1.5 кг,Зоотовари,35,230.0,176,0,0,0
2024-11-19,6,Корм для котів 1.5 кг,Зоотовари,26,230.0,150,0,0,0
2024-11-20,6,Корм для котів 1.5 кг,Зоотовари,30,230.0,120,0,0,0
2024-11-21,6,Корм для котів 1.5 кг,Зоотовари,29,230.0,91,0,0,0
2024-11-22,6,Корм для котів 1.5 кг,Зоотовари,29,230.0,62,0,0,0
2024-11-23,6,Корм для котів 1.5 кг,Зоотовари,32,230.0,30,0,0,0
2024-11-24,6,Корм для котів 1.5 кг,Зоотовари,30,230.0,0,0,0,0
2024-11-25,6,Корм для котів 1.5 кг,Зоотовари,38,207.0,182,1,0,0
2024-11-26,6,Корм для котів 1.5 кг,Зоотовари,27,230.0,155,0,0,0
2024-11-27,6,Корм для котів 1.5 кг,Зоотовари,29,230.0,126,0,0,0
2024-11-28,6,Корм для котів 1.5 кг,Зоотовари,45,207.0,81,1,0,0
2024-11-29,6,Корм для котів 1.5 кг,Зоотовари,30,230.0,51,0,0,0
2024-11-30,6,Корм для котів 1.5 кг,Зоотовари,32,230.0,19,0,0,1
2024-12-01,6,Корм для котів 1.5 кг,Зоотовари,19,230.0,0,0,0,0
2024-12-02,6,Корм для котів 1.5 кг,Зоотовари,32,230.0,121,0,0,0
2024-12-03,6,Корм для котів 1.5 кг,Зоотовари,27,230.0,94,0,0,0
2024-12-04,6,Корм для котів 1.5 кг,Зоотовари,26,230.0,68,0,0,1
2024-12-05,6,Корм для котів 1.5 кг,Зоотовари,35,230.0,33,0,0,0
2024-12-06,6,Корм для котів 1.5 кг,Зоотовари,31,230.0,2,0,0,0
2024-12-07,6,Корм для котів 1.5 кг,Зоотовари,2,230.0,0,0,0,0
2024-12-08,6,Корм для котів 1.5 кг,Зоотовари,0,230.0,0,0,0,0
2024-12-09,6,Корм для котів 1.5 кг,Зоотовари,32,230.0,188,0,0,0
2024-12-10,6,Корм для котів 1.5 кг,Зоотовари,24,230.0,164,0,0,0
2024-12-11,6,Корм для котів 1.5 кг,Зоотовари,25,230.0,139,0,0,0
2024-12-12,6,Корм для котів 1.5 кг,Зоотовари,38,207.0,101,1,0,0
2024-12-13,6,Корм для котів 1.5 кг,Зоотовари,25,230.0,76,0,0,2
2024-12-14,6,Корм для котів 1.5 кг,Зоотовари,33,230.0,43,0,0,0
2024-12-15,6,Корм для котів 1.5 кг,Зоотовари,33,230.0,10,0,0,0
2024-12-16,6,Корм для котів 1.5 кг,Зоотовари,22,230.0,138,0,0,0
2024-12-17,6,Корм для котів 1.5 кг,Зоотовари,36,207.0,102,1,0,0
2024-12-18,6,Корм для котів 1.5 кг,Зоотовари,45,207.0,57,1,0,0
2024-12-19,6,Корм для котів 1.5 кг,Зоотовари,36,230.0,21,0,0,0
2024-12-20,6,Корм для котів 1.5 кг,Зоотовари,21,230.0,0,0,0,0
2024-12-21,6,Корм для котів 1.5 кг,Зоотовари,0,230.0,0,0,0,0
2024-12-22,6,Корм для котів 1.5 кг,Зоотовари,0,230.0,0,0,0,0
2024-12-23,6,Корм для котів 1.5 кг,Зоотовари,31,230.0,169,0,0,0
2024-12-24,6,Корм для котів 1.5 кг,Зоотовари,33,230.0,136,0,0,0
2024-12-25,6,Корм для котів 1.5 кг,Зоотовари,50,207.0,86,1,1,0
2024-12-26,6,Корм для котів 1.5 кг,Зоотовари,31,230.0,55,0,0,0
2024-12-27,6,Корм для котів 1.5 кг,Зоотовари,31,230.0,24,0,0,0
2024-12-28,6,Корм для котів 1.5 кг,Зоотовари,24,230.0,0,0,0,0
2024-12-29,6,Корм для котів 1.5 кг,Зоотовари,0,230.0,0,0,0,0
2024-12-30,6,Корм для котів 1.5 кг,Зоотовари,29,230.0,193,0,0,0
2024-12-31,6,Корм для котів 1.5 кг,Зоотовари,46,207.0,147,1,1,1
2025-01-01,6,Корм для котів 1.5 кг,Зоотовари,54,207.0,93,1,1,0
2025-01-02,6,Корм для котів 1.5 кг,Зоотовари,26,230.0,67,0,0,0
2025-01-03,6,Корм для котів 1.5 кг,Зоотовари,29,230.0,38,0,0,0
2025-01-04,6,Корм для котів 1.5 кг,Зоотовари,32,230.0,6,0,0,0
2025-01-05,6,Корм для котів 1.5 кг,Зоотовари,6,207.0,0,1,0,0
2025-01-06,6,Корм для котів 1.5 кг,Зоотовари,33,207.0,157,1,0,0
2025-01-07,6,Корм для котів 1.5 кг,Зоотовари,25,230.0,132,0,0,0
2025-01-08,6,Корм для котів 1.5 кг,Зоотовари,29,230.0,103,0,0,0
2025-01-09,6,Корм для котів 1.5 кг,Зоотовари,34,230.0,69,0,0,0
2025-01-10,6,Корм для котів 1.5 кг,Зоотовари,35,230.0,34,0,0,0
2025-01-11,6,Корм для котів 1.5 кг,Зоотовари,34,207.0,0,1,0,0
2025-01-12,6,Корм для котів 1.5 кг,Зоотовари,0,230.0,0,0,0,1
2025-01-13,6,Корм для котів 1.5 кг,Зоотовари,35,230.0,142,0,0,0
2025-01-14,6,Корм для котів 1.5 кг,Зоотовари,20,230.0,122,0,0,0
2025-01-15,6,Корм для котів 1.5 кг,Зоотовари,31,230.0,91,0,0,0
2025-01-16,6,Корм для котів 1.5 кг,Зоотовари,32,230.0,59,0,0,0
2025-01-17,6,Корм для котів 1.5 кг,Зоотовари,32,230.0,27,0,0,0
2025-01-18,6,Корм для котів 1.5 кг,Зоотовари,27,230.0,0,0,0,0
2025-01-19,6,Корм для котів 1.5 кг,Зоотовари,0,230.0,0,0,0,0
2025-01-20,6,Корм для котів 1.5 кг,Зоотовари,46,207.0,147,1,0,1
2025-01-21,6,Корм для котів 1.5 кг,Зоотовари,30,230.0,117,0,0,1
2025-01-22,6,Корм для котів 1.5 кг,Зоотовари,28,230.0,89,0,0,0
2025-01-23,6,Корм для котів 1.5 кг,Зоотовари,31,230.0,58,0,0,0
2025-01-24,6,Корм для котів 1.5 кг,Зоотовари,30,230.0,28,0,0,0
2025-01-25,6,Корм для котів 1.5 кг,Зоотовари,28,230.0,0,0,0,0
2025-01-26,6,Корм для котів 1.5 кг,Зоотовари,0,230.0,0,0,0,0
2025-01-27,6,Корм для котів 1.5 кг,Зоотовари,30,230.0,125,0,0,0
2025-01-28,6,Корм для котів 1.5 кг,Зоотовари,35,230.0,90,0,0,0
2025-01-29,6,Корм для котів 1.5 кг,Зоотовари,36,207.0,54,1,0,0
2025-01-30,6,Корм для котів 1.5 кг,Зоотовари,41,207.0,13,1,0,0
2025-01-31,6,Корм для котів 1.5 кг,Зоотовари,13,230.0,0,0,0,0
2025-02-01,6,Корм для котів 1.5 кг,Зоотовари,0,230.0,0,0,0,2
2025-02-02,6,Корм для котів 1.5 кг,Зоотовари,0,230.0,0,0,0,0
2025-02-03,6,Корм для котів 1.5 кг,Зоотовари,34,207.0,153,1,0,0
2025-02-04,6,Корм для котів 1.5 кг,Зоотовари,32,230.0,121,0,0,0
2025-02-05,6,Корм для котів 1.5 кг,Зоотовари,28,230.0,93,0,0,0
2025-02-06,6,Корм для котів 1.5 кг,Зоотовари,35,207.0,58,1,0,0
2025-02-07,6,Корм для котів 1.5 кг,Зоотовари,29,230.0,29,0,0,0
2025-02-08,6,Корм для котів 1.5 кг,Зоотовари,29,230.0,0,0,0,1
2025-02-09,6,Корм для котів 1.5 кг,Зоотовари,0,230.0,0,0,0,0
2025-02-10,6,Корм для котів 1.5 кг,Зоотовари,29,207.0,198,1,0,0
2025-02-11,6,Корм для котів 1.5 кг,Зоотовари,26,230.0,172,0,0,0
2025-02-12,6,Корм для котів 1.5 кг,Зоотовари,25,230.0,147,0,0,0
2025-02-13,6,Корм для котів 1.5 кг,Зоотовари,37,207.0,110,1,0,0
2025-02-14,6,Корм для котів 1.5 кг,Зоотовари,28,230.0,82,0,0,0
2025-02-15,6,Корм для котів 1.5 кг,Зоотовари,31,230.0,51,0,0,0
2025-02-16,6,Корм для котів 1.5 кг,Зоотовари,26,230.0,25,0,0,0
2025-02-17,6,Корм для котів 1.5 кг,Зоотовари,27,230.0,201,0,0,0
2025-02-18,6,Корм для котів 1.5 кг,Зоотовари,29,230.0,172,0,0,0
2025-02-19,6,Корм для котів 1.5 кг,Зоотовари,23,230.0,149,0,0,0
2025-02-20,6,Корм для котів 1.5 кг,Зоотовари,22,230.0,127,0,0,0
2025-02-21,6,Корм для котів 1.5 кг,Зоотовари,21,230.0,106,0,0,1
2025-02-22,6,Корм для котів 1.5 кг,Зоотовари,35,230.0,71,0,0,0
2025-02-23,6,Корм для котів 1.5 кг,Зоотовари,32,230.0,39,0,0,0
2025-02-24,6,Корм для котів 1.5 кг,Зоотовари,34,207.0,223,1,0,0
2025-02-25,6,Корм для котів 1.5 кг,Зоотовари,26,230.0,197,0,0,0
2025-02-26,6,Корм для котів 1.5 кг,Зоотовари,25,230.0,172,0,0,0
2025-02-27,6,Корм для котів 1.5 кг,Зоотовари,30,230.0,142,0,0,1
2025-02-28,6,Корм для котів 1.5 кг,Зоотовари,27,230.0,115,0,0,0
2025-03-01,6,Корм для котів 1.5 кг,Зоотовари,35,230.0,80,0,0,0
2025-03-02,6,Корм для котів 1.5 кг,Зоотовари,34,230.0,46,0,0,0
2025-03-03,6,Корм для котів 1.5 кг,Зоотовари,25,230.0,205,0,0,0
2025-03-04,6,Корм для котів 1.5 кг,Зоотовари,28,230.0,177,0,0,0
2025-03-05,6,Корм для котів 1.5 кг,Зоотовари,39,207.0,138,1,0,1
2025-03-06,6,Корм для котів 1.5 кг,Зоотовари,27,230.0,111,0,0,0
2025-03-07,6,Корм для котів 1.5 кг,Зоотовари,30,230.0,81,0,0,0
2025-03-08,6,Корм для котів 1.5 кг,Зоотовари,38,230.0,43,0,1,0
2025-03-09,6,Корм для котів 1.5 кг,Зоотовари,41,207.0,2,1,0,0
2025-03-10,6,Корм для котів 1.5 кг,Зоотовари,32,230.0,142,0,0,0
2025-03-11,6,Корм для котів 1.5 кг,Зоотовари,34,230.0,108,0,0,0
2025-03-12,6,Корм для котів 1.5 кг,Зоотовари,25,230.0,83,0,0,0
2025-03-13,6,Корм для котів 1.5 кг,Зоотовари,30,230.0,53,0,0,0
2025-03-14,6,Корм для котів 1.5 кг,Зоотовари,24,230.0,29,0,0,0
2025-03-15,6,Корм для котів 1.5 кг,Зоотовари,28,230.0,1,0,0,0
2025-03-16,6,Корм для котів 1.5 кг,Зоотовари,1,230.0,0,0,0,0
2025-03-17,6,Корм для котів 1.5 кг,Зоотовари,26,230.0,185,0,0,0
2025-03-18,6,Корм для котів 1.5 кг,Зоотовари,28,230.0,157,0,0,0
2025-03-19,6,Корм для котів 1.5 кг,Зоотовари,28,230.0,129,0,0,0
2025-03-20,6,Корм для котів 1.5 кг,Зоотовари,35,207.0,94,1,0,0
2025-03-21,6,Корм для котів 1.5 кг,Зоотовари,28,230.0,66,0,0,0
2025-03-22,6,Корм для котів 1.5 кг,Зоотовари,33,230.0,33,0,0,0
2025-03-23,6,Корм для котів 1.5 кг,Зоотовари,33,207.0,0,1,0,0
2025-03-24,6,Корм для котів 1.5 кг,Зоотовари,30,230.0,159,0,0,0
2025-03-25,6,Корм для котів 1.5 кг,Зоотовари,26,230.0,133,0,0,0
2025-03-26,6,Корм для котів 1.5 кг,Зоотовари,28,230.0,105,0,0,0
2025-03-27,6,Корм для котів 1.5 кг,Зоотовари,29,230.0,76,0,0,0
2025-03-28,6,Корм для котів 1.5 кг,Зоотовари,27,230.0,49,0,0,0
2025-03-29,6,Корм для котів 1.5 кг,Зоотовари,30,230.0,19,0,0,0
2025-03-30,6,Корм для котів 1.5 кг,Зоотовари,19,207.0,0,1,0,0
2025-03-31,6,Корм для котів 1.5 кг,Зоотовари,34,207.0,181,1,0,0
2025-04-01,6,Корм для котів 1.5 кг,Зоотовари,33,230.0,148,0,0,0
2025-04-02,6,Корм для котів 1.5 кг,Зоотовари,19,230.0,129,0,0,0
2025-04-03,6,Корм для котів 1.5 кг,Зоотовари,18,230.0,111,0,0,0
2025-04-04,6,Корм для котів 1.5 кг,Зоотовари,29,230.0,82,0,0,0
2025-04-05,6,Корм для котів 1.5 кг,Зоотовари,32,230.0,50,0,0,0
2025-04-06,6,Корм для котів 1.5 кг,Зоотовари,34,230.0,16,0,0,0
2025-04-07,6,Корм для котів 1.5 кг,Зоотовари,31,230.0,195,0,0,0
2025-04-08,6,Корм для котів 1.5 кг,Зоотовари,29,230.0,166,0,0,0
2025-04-09,6,Корм для котів 1.5 кг,Зоотовари,29,230.0,137,0,0,0
2025-04-10,6,Корм для котів 1.5 кг,Зоотовари,31,230.0,106,0,0,0
2025-04-11,6,Корм для котів 1.5 кг,Зоотовари,30,230.0,76,0,0,0
2025-04-12,6,Корм для котів 1.5 кг,Зоотовари,43,207.0,33,1,0,0
2025-04-13,6,Корм для котів 1.5 кг,Зоотовари,29,230.0,4,0,0,0
2025-04-14,6,Корм для котів 1.5 кг,Зоотовари,25,230.0,139,0,0,0
2025-04-15,6,Корм для котів 1.5 кг,Зоотовари,27,230.0,112,0,0,1
2025-04-16,6,Корм для котів 1.5 кг,Зоотовари,32,230.0,80,0,0,0
2025-04-17,6,Корм для котів 1.5 кг,Зоотовари,27,230.0,53,0,0,0
2025-04-18,6,Корм для котів 1.5 кг,Зоотовари,22,230.0,31,0,0,0
2025-04-19,6,Корм для котів 1.5 кг,Зоотовари,25,230.0,6,0,0,1
2025-04-20,6,Корм для котів 1.5 кг,Зоотовари,6,230.0,0,0,1,0
2025-04-21,6,Корм для котів 1.5 кг,Зоотовари,31,230.0,174,0,0,0
2025-04-22,6,Корм для котів 1.5 кг,Зоотовари,32,230.0,142,0,0,0
2025-04-23,6,Корм для котів 1.5 кг,Зоотовари,28,230.0,114,0,0,0
2025-04-24,6,Корм для котів 1.5 кг,Зоотовари,23,230.0,91,0,0,0
2025-04-25,6,Корм для котів 1.5 кг,Зоотовари,29,230.0,62,0,0,1
2025-04-26,6,Корм для котів 1.5 кг,Зоотовари,33,230.0,29,0,0,0
2025-04-27,6,Корм для котів 1.5 кг,Зоотовари,29,230.0,0,0,0,0
2025-04-28,6,Корм для котів 1.5 кг,Зоотовари,39,207.0,138,1,0,0
2025-04-29,6,Корм для котів 1.5 кг,Зоотовари,32,207.0,106,1,0,0
2025-04-30,6,Корм для котів 1.5 кг,Зоотовари,30,230.0,76,0,0,0
